<?xml version="1.0" encoding="utf-8"?>
<article>
<title>Changes since the 1.72.0 release</title>
<sect1 xml:id="Vsnapshot_6795">
<title>Release: snapshot_6795</title>
<para>The following is a list of changes that have been made
        since the 1.72.0 release.</para>

<sect2 xml:id="Vsnapshot_6795_Common">
<title>Common</title>
<para>The following changes have been made to the
            <filename>common</filename> code
            since the 1.72.0 release.</para>
<itemizedlist>
<listitem>
<literallayout><phrase role="commit-message">Add xmlns:xsl declaration to elements in entities.<alt>M: /trunk/xsl/common/entities.ent - Robert Stayton</alt></phrase></literallayout>
</listitem>
<listitem>
<literallayout><phrase role="commit-message">Rules for normalizing <tag>glossary</tag> entries before they are sorted can be now different for each language.<alt>M: /trunk/xsl/common/entities.ent - Jirka Kosek</alt></phrase></literallayout>
</listitem>
<listitem>
<literallayout><phrase role="commit-message">fix <tag>caption</tag> plus <tag>title</tag> in cals <tag>table</tag> producing double <tag>caption</tag>.<alt>M: /trunk/xsl/common/titles.xsl - Robert Stayton</alt></phrase></literallayout>
</listitem>
<listitem>
<literallayout><phrase role="commit-message">Renamed cvstools dir to buildtools, and replaced all
references to "cvstools" in makefiles and elsewhere
with "buildtools".<alt>M: /trunk/xsl/common/Makefile - Michael(tm) Smith</alt></phrase></literallayout>
</listitem>
<listitem>
<literallayout><phrase role="commit-message">Fix bug 1668629 valign on <tag>tbody</tag> not inherited.<alt>M: /trunk/xsl/common/table.xsl - Robert Stayton</alt></phrase></literallayout>
</listitem>
<listitem>
<literallayout><phrase role="commit-message">Add <tag>refsection</tag>/<tag>info</tag>/<tag>title</tag> support.<alt>M: /trunk/xsl/common/titles.xsl - Robert Stayton</alt></phrase></literallayout>
</listitem>
<listitem>
<literallayout><phrase role="commit-message">Added support for correct handling of <tag>xref</tag> to elements that
contain <tag>info</tag>/<tag>title</tag> descendants but no <tag>title</tag> children.

This should be further refined so that it handles any *<tag>info</tag>
elements. And there are probably some other places where similar
handling for *<tag>info</tag>/<tag>title</tag> should be added.<alt>M: /trunk/xsl/common/titles.xsl - Michael(tm) Smith</alt></phrase></literallayout>
</listitem>
<listitem>
<literallayout><phrase role="commit-message">Updated <tag>copyright</tag> notices.<alt>M: /trunk/xsl/common/refentry.xsl - Michael(tm) Smith</alt></phrase></literallayout>
</listitem>
<listitem>
<literallayout><phrase role="commit-message">Modified &lt;xsl:when&gt; in datetime.format template to work
around Xalan bug.<alt>M: /trunk/xsl/common/pi.xsl - Mauritz Jeanson</alt></phrase></literallayout>
</listitem>
</itemizedlist>
</sect2><!--end of Common changes for snapshot_6795-->

<sect2 xml:id="Vsnapshot_6795_Extensions">
<title>Extensions</title>
<para>The following changes have been made to the
            <filename>extensions</filename> code
            since the 1.72.0 release.</para>
<itemizedlist>
<listitem>
<literallayout><phrase role="commit-message">Turned off xalan2.jar build. This removes DocBook XSL
Java extensions support for versions of Xalan prior to
Xalan 2.7. If you are currently using the extensions
with an earlier version of Xalan, you need to upgrade
to Xalan 2.7.<alt>M: /trunk/xsl/extensions/Makefile; D: /trunk/xsl/extensions/xalan2 - Michael(tm) Smith</alt></phrase></literallayout>
</listitem>
<listitem>
<literallayout><phrase role="commit-message">Fixed bug #1640428: added 'url(...)' around the image path.<alt>M: /trunk/xsl/extensions/saxon65/src/com/nwalsh/saxon/FormatGraphicCallout.java - Mauritz Jeanson</alt></phrase></literallayout>
</listitem>
<listitem>
<literallayout><phrase role="commit-message">Fixed bug #1640428: added 'url(...)' around the image path.
Fixed incorrect '<tag>alt</tag>' attribute.<alt>M: /trunk/xsl/extensions/xalan2/src/com/nwalsh/xalan/FormatGraphicCallout.java - Mauritz Jeanson</alt></phrase></literallayout>
</listitem>
<listitem>
<literallayout><phrase role="commit-message">Fixed bug #1640428: added 'url(...)' around the image path.
Fixed incorrect '<tag>alt</tag>' attribute.<alt>M: /trunk/xsl/extensions/xalan27/src/com/nwalsh/xalan/FormatGraphicCallout.java - Mauritz Jeanson</alt></phrase></literallayout>
</listitem>
<listitem>
<literallayout><phrase role="commit-message">Removed org.apache.xml.utils.DOMHelper imports from Table.java and
Verbatim.Java files, per note from Mauritz Jeanson about them not
being needed.<alt>M: /trunk/xsl/extensions/xalan2/src/com/nwalsh/xalan/Table.java; M: /trunk/xsl/extensions/xalan2/src/com/nwalsh/xalan/Verbatim.java - Michael(tm) Smith</alt></phrase></literallayout>
</listitem>
<listitem>
<literallayout><phrase role="commit-message">Use org.apache.xml.utils.DOMHelper as package name (instead of
org.apache.xpath.DOMHelper), because build otherwise fails.<alt>M: /trunk/xsl/extensions/xalan2/src/com/nwalsh/xalan/Table.java; M: /trunk/xsl/extensions/xalan2/src/com/nwalsh/xalan/Verbatim.java - Michael(tm) Smith</alt></phrase></literallayout>
</listitem>
</itemizedlist>
</sect2><!--end of Extensions changes for snapshot_6795-->

<sect2 xml:id="Vsnapshot_6795_FO">
<title>FO</title>
<para>The following changes have been made to the
            <filename>fo</filename> code
            since the 1.72.0 release.</para>
<itemizedlist>
<listitem>
<literallayout><phrase role="commit-message">Fixed bug in handling of columns width sum.<alt>M: /trunk/xsl/fo/table.xsl - Robert Stayton</alt></phrase></literallayout>
</listitem>
<listitem>
<literallayout><phrase role="commit-message">Fixed missing <tag>quote</tag>.<alt>M: /trunk/xsl/fo/callout.xsl - Robert Stayton</alt></phrase></literallayout>
</listitem>
<listitem>
<literallayout><phrase role="commit-message">Changed param name to <parameter>callout.icon.size</parameter><alt>M: /trunk/xsl/fo/callout.xsl - Robert Stayton</alt></phrase></literallayout>
</listitem>
<listitem>
<literallayout><phrase role="commit-message">Add new profiling parameters for audience and wordsize.<alt>M: /trunk/xsl/fo/param.xweb; M: /trunk/xsl/fo/param.ent - Robert Stayton</alt></phrase></literallayout>
</listitem>
<listitem>
<literallayout><phrase role="commit-message">line break fix<alt>M: /trunk/xsl/fo/callout.xsl - Robert Stayton</alt></phrase></literallayout>
</listitem>
<listitem>
<literallayout><phrase role="commit-message">Add <parameter>callout.icon.size</parameter> parameter.<alt>M: /trunk/xsl/fo/callout.xsl - Robert Stayton</alt></phrase></literallayout>
</listitem>
<listitem>
<literallayout><phrase role="commit-message">Added <parameter>callout.icon.size</parameter> parameter.<alt>M: /trunk/xsl/fo/param.xweb; M: /trunk/xsl/fo/param.ent - Robert Stayton</alt></phrase></literallayout>
</listitem>
<listitem>
<literallayout><phrase role="commit-message">Add support for xlink as <tag>olink</tag>.<alt>M: /trunk/xsl/fo/inline.xsl; M: /trunk/xsl/fo/xref.xsl - Robert Stayton</alt></phrase></literallayout>
</listitem>
<listitem>
<literallayout><phrase role="commit-message">Fixed bug #1669601.<alt>M: /trunk/xsl/fo/footnote.xsl - Mauritz Jeanson</alt></phrase></literallayout>
</listitem>
<listitem>
<literallayout><phrase role="commit-message">set.flow.properties now strips '-draft' from master name before tests.<alt>M: /trunk/xsl/fo/pagesetup.xsl - Robert Stayton</alt></phrase></literallayout>
</listitem>
<listitem>
<literallayout><phrase role="commit-message">Add support for <parameter>qanda.in.toc</parameter> to fo <tag>TOC</tag>.<alt>M: /trunk/xsl/fo/autotoc.xsl; M: /trunk/xsl/fo/param.xweb; M: /trunk/xsl/fo/param.ent - Robert Stayton</alt></phrase></literallayout>
</listitem>
<listitem>
<literallayout><phrase role="commit-message">Improved the page.sequence utility template for use with <tag>book</tag>.<alt>M: /trunk/xsl/fo/component.xsl - Robert Stayton</alt></phrase></literallayout>
</listitem>
<listitem>
<literallayout><phrase role="commit-message">Use named templates for front and back <tag>cover</tag> templates.<alt>M: /trunk/xsl/fo/division.xsl - Robert Stayton</alt></phrase></literallayout>
</listitem>
<listitem>
<literallayout><phrase role="commit-message">Refactored the big <tag>book</tag> template into smaller pieces.
Used the "page.sequence" utility template in
component.xsl to shorten the <tag>toc</tag> piece.
Added placeholder templates for front.cover and back.cover.<alt>M: /trunk/xsl/fo/division.xsl - Robert Stayton</alt></phrase></literallayout>
</listitem>
<listitem>
<literallayout><phrase role="commit-message">Rules for normalizing <tag>glossary</tag> entries before they are sorted can be now different for each language.<alt>M: /trunk/xsl/fo/glossary.xsl - Jirka Kosek</alt></phrase></literallayout>
</listitem>
<listitem>
<literallayout><phrase role="commit-message">use-attribute-sets is used without prefix on XSLT elements<alt>M: /trunk/xsl/fo/sections.xsl - Jirka Kosek</alt></phrase></literallayout>
</listitem>
<listitem>
<literallayout><phrase role="commit-message">Adjust whitespace.<alt>M: /trunk/xsl/fo/component.xsl - Robert Stayton</alt></phrase></literallayout>
</listitem>
<listitem>
<literallayout><phrase role="commit-message">Add <parameter>section.container.element</parameter> parameter to enable
pgwide spans inside sections.<alt>M: /trunk/xsl/fo/param.xweb; M: /trunk/xsl/fo/param.ent; M: /trunk/xsl/fo/sections.xsl - Robert Stayton</alt></phrase></literallayout>
</listitem>
<listitem>
<literallayout><phrase role="commit-message">Add component.titlepage.properties attribute-set to
support span="all" and other properties.<alt>M: /trunk/xsl/fo/param.xweb; M: /trunk/xsl/fo/param.ent; M: /trunk/xsl/fo/component.xsl - Robert Stayton</alt></phrase></literallayout>
</listitem>
<listitem>
<literallayout><phrase role="commit-message">Fixed #1680755 (<tag>keycombo</tag> joinchar default incorrect).<alt>M: /trunk/xsl/fo/inline.xsl - Mauritz Jeanson</alt></phrase></literallayout>
</listitem>
<listitem>
<literallayout><phrase role="commit-message">Corrected typo in <tag>calloutlist</tag> template.<alt>M: /trunk/xsl/fo/lists.xsl - Mauritz Jeanson</alt></phrase></literallayout>
</listitem>
<listitem>
<literallayout><phrase role="commit-message">Fix number test in termlength when NaN.<alt>M: /trunk/xsl/fo/lists.xsl - Robert Stayton</alt></phrase></literallayout>
</listitem>
<listitem>
<literallayout><phrase role="commit-message">Apply table.row.properties template to html <tag>tr</tag> rows too.
Add keep-with-next to table.row.properties when <tag>row</tag> is in <tag>thead</tag>.<alt>M: /trunk/xsl/fo/htmltbl.xsl; M: /trunk/xsl/fo/table.xsl - Robert Stayton</alt></phrase></literallayout>
</listitem>
<listitem>
<literallayout><phrase role="commit-message">MathML must be surrounded by fo:instream-foreign-object<alt>M: /trunk/xsl/fo/math.xsl - Jirka Kosek</alt></phrase></literallayout>
</listitem>
<listitem>
<literallayout><phrase role="commit-message">Renamed cvstools dir to buildtools, and replaced all
references to "cvstools" in makefiles and elsewhere
with "buildtools".<alt>M: /trunk/xsl/fo/Makefile - Michael(tm) Smith</alt></phrase></literallayout>
</listitem>
<listitem>
<literallayout><phrase role="commit-message">Add <parameter>default.table.frame</parameter> parameter to fo too.<alt>M: /trunk/xsl/fo/param.xweb; M: /trunk/xsl/fo/param.ent - Robert Stayton</alt></phrase></literallayout>
</listitem>
<listitem>
<literallayout><phrase role="commit-message">Add support for <parameter>default.table.frame</parameter> parameter.
Fix bug 1575446 rowsep last check for @morerows.<alt>M: /trunk/xsl/fo/table.xsl - Robert Stayton</alt></phrase></literallayout>
</listitem>
<listitem>
<literallayout><phrase role="commit-message">Add support for <tag>info</tag>/<tag>title</tag> in refsections.<alt>M: /trunk/xsl/fo/refentry.xsl - Robert Stayton</alt></phrase></literallayout>
</listitem>
<listitem>
<literallayout><phrase role="commit-message">Fixed bug 1652360 empty <tag>link</tag> with xlink:href.<alt>M: /trunk/xsl/fo/xref.xsl - Robert Stayton</alt></phrase></literallayout>
</listitem>
<listitem>
<literallayout><phrase role="commit-message">Port from docs-in-db5 branch of all DocBook5-formatted
params and all associated build changes needed for
building the param.xsl files and docs from them.<alt>M: /trunk/xsl/fo/Makefile - Michael(tm) Smith</alt></phrase></literallayout>
</listitem>
<listitem>
<literallayout><phrase role="commit-message">Make fo questions and answers behave the same way as html<alt>M: /trunk/xsl/fo/qandaset.xsl - David Cramer</alt></phrase></literallayout>
</listitem>
<listitem>
<literallayout><phrase role="commit-message">Added missing attribute set for <tag>procedure</tag><alt>M: /trunk/xsl/fo/lists.xsl - Jirka Kosek</alt></phrase></literallayout>
</listitem>
<listitem>
<literallayout><phrase role="commit-message">Added support for formatting biblioentries according to ISO690 <tag>citation</tag> style.
New <tag>bibliography</tag> style can be turned on by setting parameter <parameter>bibliography.style</parameter> to "iso690"
The code was provided by Jana Dvorakova<alt>M: /trunk/xsl/fo/param.xweb; M: /trunk/xsl/fo/biblio.xsl; M: /trunk/xsl/fo/docbook.xsl; M: /trunk/xsl/fo/param.ent; A: /trunk/xsl/fo/biblio-iso690.xsl - Jirka Kosek</alt></phrase></literallayout>
</listitem>
<listitem>
<literallayout><phrase role="commit-message">Add header.table.properties and footer.table.properties attribute-sets.<alt>M: /trunk/xsl/fo/param.xweb; M: /trunk/xsl/fo/param.ent; M: /trunk/xsl/fo/pagesetup.xsl - Robert Stayton</alt></phrase></literallayout>
</listitem>
<listitem>
<literallayout><phrase role="commit-message">Add <parameter>fop1.extensions</parameter> for <tag>menuchoice</tag> arrow handling exception.<alt>M: /trunk/xsl/fo/inline.xsl - Robert Stayton</alt></phrase></literallayout>
</listitem>
<listitem>
<literallayout><phrase role="commit-message">Fixed master-name used in axf crop mark template call.<alt>M: /trunk/xsl/fo/pagesetup.xsl - Robert Stayton</alt></phrase></literallayout>
</listitem>
<listitem>
<literallayout><phrase role="commit-message">Moved the end-indent properties from toc.line to the
toc.line.properties attribute-set.<alt>M: /trunk/xsl/fo/autotoc.xsl - Robert Stayton</alt></phrase></literallayout>
</listitem>
<listitem>
<literallayout><phrase role="commit-message">Updated <tag>copyright</tag> notices.<alt>M: /trunk/xsl/fo/param.xweb - Michael(tm) Smith</alt></phrase></literallayout>
</listitem>
</itemizedlist>
</sect2><!--end of FO changes for snapshot_6795-->

<sect2 xml:id="Vsnapshot_6795_HTML">
<title>HTML</title>
<para>The following changes have been made to the
            <filename>html</filename> code
            since the 1.72.0 release.</para>
<itemizedlist>
<listitem>
<literallayout><phrase role="commit-message">Add support for new profiling attributes audience and wordsize.<alt>M: /trunk/xsl/html/param.xweb; M: /trunk/xsl/html/param.ent - Robert Stayton</alt></phrase></literallayout>
</listitem>
<listitem>
<literallayout><phrase role="commit-message">Add support for xlink olinks.<alt>M: /trunk/xsl/html/inline.xsl; M: /trunk/xsl/html/xref.xsl - Robert Stayton</alt></phrase></literallayout>
</listitem>
<listitem>
<literallayout><phrase role="commit-message">Fixed bug #1644874.<alt>M: /trunk/xsl/html/titlepage.xsl - Mauritz Jeanson</alt></phrase></literallayout>
</listitem>
<listitem>
<literallayout><phrase role="commit-message">Do not output xlink namespace declaration into HTML output<alt>M: /trunk/xsl/html/xref.xsl - Jirka Kosek</alt></phrase></literallayout>
</listitem>
<listitem>
<literallayout><phrase role="commit-message">Sync profiling stylesheet with base stylesheet<alt>M: /trunk/xsl/html/profile-chunk.xsl - Jirka Kosek</alt></phrase></literallayout>
</listitem>
<listitem>
<literallayout><phrase role="commit-message">Rules for normalizing <tag>glossary</tag> entries before they are sorted can be now different for each language.<alt>M: /trunk/xsl/html/glossary.xsl - Jirka Kosek</alt></phrase></literallayout>
</listitem>
<listitem>
<literallayout><phrase role="commit-message">Fix a couple of class attributes.<alt>M: /trunk/xsl/html/inline.xsl - Robert Stayton</alt></phrase></literallayout>
</listitem>
<listitem>
<literallayout><phrase role="commit-message">Remove redundant ./ from xpath statements.<alt>M: /trunk/xsl/html/titlepage.xsl - Robert Stayton</alt></phrase></literallayout>
</listitem>
<listitem>
<literallayout><phrase role="commit-message">Fixed #1680755 (<tag>keycombo</tag> joinchar default incorrect).<alt>M: /trunk/xsl/html/inline.xsl - Mauritz Jeanson</alt></phrase></literallayout>
</listitem>
<listitem>
<literallayout><phrase role="commit-message">Corrected typo in <tag>calloutlist</tag> template.<alt>M: /trunk/xsl/html/lists.xsl - Mauritz Jeanson</alt></phrase></literallayout>
</listitem>
<listitem>
<literallayout><phrase role="commit-message">Set formal object class value with class.value mode.<alt>M: /trunk/xsl/html/formal.xsl - Robert Stayton</alt></phrase></literallayout>
</listitem>
<listitem>
<literallayout><phrase role="commit-message">Fix bug in contentdepth outputting empty height attribute.<alt>M: /trunk/xsl/html/graphics.xsl - Robert Stayton</alt></phrase></literallayout>
</listitem>
<listitem>
<literallayout><phrase role="commit-message">Renamed cvstools dir to buildtools, and replaced all
references to "cvstools" in makefiles and elsewhere
with "buildtools".<alt>M: /trunk/xsl/html/Makefile - Michael(tm) Smith</alt></phrase></literallayout>
</listitem>
<listitem>
<literallayout><phrase role="commit-message">Refactored the chunking modules to move all named templates to
chunk-common.xsl and all match templates to chunk-code.xsl, in
order to enable better chunk customization.
See the comments in chunk.xsl for more details.<alt>M: /trunk/xsl/html/chunk-common.xsl; M: /trunk/xsl/html/chunk-code.xsl; M: /trunk/xsl/html/manifest.xsl; M: /trunk/xsl/html/chunk.xsl - Robert Stayton</alt></phrase></literallayout>
</listitem>
<listitem>
<literallayout><phrase role="commit-message">Add <tag>anchor</tag> for xml:id for <tag>listitem</tag> in <tag>varlistentry</tag>.<alt>M: /trunk/xsl/html/lists.xsl - Robert Stayton</alt></phrase></literallayout>
</listitem>
<listitem>
<literallayout><phrase role="commit-message">Add support for <tag>info</tag>/<tag>title</tag> in refsections for db5.<alt>M: /trunk/xsl/html/refentry.xsl - Robert Stayton</alt></phrase></literallayout>
</listitem>
<listitem>
<literallayout><phrase role="commit-message">Fixed bug 1652360 empty <tag>link</tag> with xlink:href.<alt>M: /trunk/xsl/html/xref.xsl - Robert Stayton</alt></phrase></literallayout>
</listitem>
<listitem>
<literallayout><phrase role="commit-message">Add underline style to "added".<alt>M: /trunk/xsl/html/changebars.xsl - Robert Stayton</alt></phrase></literallayout>
</listitem>
<listitem>
<literallayout><phrase role="commit-message">Port from docs-in-db5 branch of all DocBook5-formatted
params and all associated build changes needed for
building the param.xsl files and docs from them.<alt>M: /trunk/xsl/html/Makefile - Michael(tm) Smith</alt></phrase></literallayout>
</listitem>
<listitem>
<literallayout><phrase role="commit-message">Added support for formatting biblioentries according to ISO690 <tag>citation</tag> style.
New <tag>bibliography</tag> style can be turned on by setting parameter <parameter>bibliography.style</parameter> to "iso690"
The code was provided by Jana Dvorakova<alt>M: /trunk/xsl/html/param.xweb; M: /trunk/xsl/html/biblio.xsl; M: /trunk/xsl/html/docbook.xsl; M: /trunk/xsl/html/param.ent; A: /trunk/xsl/html/biblio-iso690.xsl - Jirka Kosek</alt></phrase></literallayout>
</listitem>
<listitem>
<literallayout><phrase role="commit-message">Add call to class.attribute on output &lt;a&gt;.<alt>M: /trunk/xsl/html/callout.xsl; M: /trunk/xsl/html/glossary.xsl; M: /trunk/xsl/html/annotations.xsl; M: /trunk/xsl/html/autoidx.xsl; M: /trunk/xsl/html/footnote.xsl - Robert Stayton</alt></phrase></literallayout>
</listitem>
<listitem>
<literallayout><phrase role="commit-message">Add call to class.attribute to &lt;a&gt; output elements so they can
have a class value too.<alt>M: /trunk/xsl/html/inline.xsl; M: /trunk/xsl/html/xref.xsl - Robert Stayton</alt></phrase></literallayout>
</listitem>
<listitem>
<literallayout><phrase role="commit-message">Add mode=class.value to generate just the value, not the attribute.<alt>M: /trunk/xsl/html/html.xsl - Robert Stayton</alt></phrase></literallayout>
</listitem>
<listitem>
<literallayout><phrase role="commit-message">Updated <tag>copyright</tag> notices.<alt>M: /trunk/xsl/html/param.xweb - Michael(tm) Smith</alt></phrase></literallayout>
</listitem>
<listitem>
<literallayout><phrase role="commit-message">Fixed bug #1644881:
* Added curly braces around all $language attribute values. 
* Moved declaration of language variable to top level of stylesheet.
Tested with Xalan, Saxon, and xsltproc.<alt>M: /trunk/xsl/html/glossary.xsl - Mauritz Jeanson</alt></phrase></literallayout>
</listitem>
</itemizedlist>
</sect2><!--end of HTML changes for snapshot_6795-->

<sect2 xml:id="Vsnapshot_6795_Highlighting">
<title>Highlighting</title>
<para>The following changes have been made to the
            <filename>highlighting</filename> code
            since the 1.72.0 release.</para>
<itemizedlist>
<listitem>
<literallayout><phrase role="commit-message">Added support for C language. Provided by Bruno Guegan.<alt>A: /trunk/xsl/highlighting/c-hl.xml; M: /trunk/xsl/highlighting/xslthl-config.xml - Jirka Kosek</alt></phrase></literallayout>
</listitem>
</itemizedlist>
</sect2><!--end of Highlighting changes for snapshot_6795-->

<sect2 xml:id="Vsnapshot_6795_HTMLHelp">
<title>HTMLHelp</title>
<para>The following changes have been made to the
            <filename>htmlhelp</filename> code
            since the 1.72.0 release.</para>
<itemizedlist>
<listitem>
<literallayout><phrase role="commit-message">Renamed cvstools dir to buildtools, and replaced all
references to "cvstools" in makefiles and elsewhere
with "buildtools".<alt>M: /trunk/xsl/htmlhelp/Makefile - Michael(tm) Smith</alt></phrase></literallayout>
</listitem>
</itemizedlist>
</sect2><!--end of HTMLHelp changes for snapshot_6795-->

<sect2 xml:id="Vsnapshot_6795_Lib">
<title>Lib</title>
<para>The following changes have been made to the
            <filename>lib</filename> code
            since the 1.72.0 release.</para>
<itemizedlist>
<listitem>
<literallayout><phrase role="commit-message">Renamed cvstools dir to buildtools, and replaced all
references to "cvstools" in makefiles and elsewhere
with "buildtools".<alt>M: /trunk/xsl/lib/Makefile - Michael(tm) Smith</alt></phrase></literallayout>
</listitem>
<listitem>
<literallayout><phrase role="commit-message">Updated <tag>copyright</tag> notices.<alt>M: /trunk/xsl/lib/lib.xweb - Michael(tm) Smith</alt></phrase></literallayout>
</listitem>
</itemizedlist>
</sect2><!--end of Lib changes for snapshot_6795-->

<sect2 xml:id="Vsnapshot_6795_Manpages">
<title>Manpages</title>
<para>The following changes have been made to the
            <filename>manpages</filename> code
            since the 1.72.0 release.</para>
<itemizedlist>
<listitem>
<literallayout><phrase role="commit-message">Made some minor updates to param docs and comments in
manpages stylesheet. Also, removed some params for
manpages doc that are already doc'ed as HTML params.<alt>M: /trunk/xsl/manpages/param.xweb; M: /trunk/xsl/manpages/param.ent; M: /trunk/xsl/manpages/other.xsl; M: /trunk/xsl/manpages/utility.xsl - Michael(tm) Smith</alt></phrase></literallayout>
</listitem>
<listitem>
<literallayout><phrase role="commit-message">Renamed cvstools dir to buildtools, and replaced all
references to "cvstools" in makefiles and elsewhere
with "buildtools".<alt>M: /trunk/xsl/manpages/Makefile - Michael(tm) Smith</alt></phrase></literallayout>
</listitem>
<listitem>
<literallayout><phrase role="commit-message">Reverted necessary escaping of backslash, dot, and dash
out of the well-intentioned (but it now appears,
misguided) "marker" mechanism (introduced in the 1.72.0
release) -- which made use of alternative "marker"
characters as internal representations of those
characters, and then replaced them just prior to
serialization -- and back into what's basically the
system that was used prior to the 1.69.0 release; that
is, into a part of stylesheet code that gets executed
at the beginning of processing -- before any other roff
markup up is. This change obviates the need for the
marker system. It also requires a lot less RAM during
processing (for large files, the marker mechanism
ending up requiring gigabytes of memory).

Closes bug #1661177. Thanks to Scott Smedley for
providing a test case (the fvwm man page) that exposed
the problem with the marker mechanism.

Also moved the mechanism for converting non-breaking
spaces back into the same <tag>area</tag> of the stylesheet code.<alt>M: /trunk/xsl/manpages/table.xsl; M: /trunk/xsl/manpages/synop.xsl; M: /trunk/xsl/manpages/block.xsl; M: /trunk/xsl/manpages/info.xsl; M: /trunk/xsl/manpages/lists.xsl; M: /trunk/xsl/manpages/refentry.xsl; M: /trunk/xsl/manpages/endnotes.xsl; M: /trunk/xsl/manpages/other.xsl; M: /trunk/xsl/manpages/utility.xsl - Michael(tm) Smith</alt></phrase></literallayout>
</listitem>
<listitem>
<literallayout><phrase role="commit-message">Fixed problem with incorrect formatting of nested <tag>variablelist</tag>.
Closes bug #1650931. Thanks to Daniel "Eagle Eye" Leidert.<alt>M: /trunk/xsl/manpages/lists.xsl - Michael(tm) Smith</alt></phrase></literallayout>
</listitem>
<listitem>
<literallayout><phrase role="commit-message">Port from docs-in-db5 branch of all DocBook5-formatted
params and all associated build changes needed for
building the param.xsl files and docs from them.<alt>M: /trunk/xsl/manpages/Makefile - Michael(tm) Smith</alt></phrase></literallayout>
</listitem>
<listitem>
<literallayout><phrase role="commit-message">Make sure that all listitems in <tag>itemizedlist</tag> and <tag>orderedlist</tag> are
preceded by a blank line. This fixes a regression that occurred
when instances of the TP macro that were use in a previous
versions of the list-handling code were switched to RS/RE (because
TP doesn't support nesting). TP automatically generates a blank
line, but RS doesn't. So I added a .sp before each .RS<alt>M: /trunk/xsl/manpages/lists.xsl - Michael(tm) Smith</alt></phrase></literallayout>
</listitem>
<listitem>
<literallayout><phrase role="commit-message">Renamed links.xsl to endnotes.xsl.<alt>A: /trunk/xsl/manpages/endnotes.xsl; D: /trunk/xsl/manpages/links.xsl; M: /trunk/xsl/manpages/docbook.xsl - Michael(tm) Smith</alt></phrase></literallayout>
</listitem>
<listitem>
<literallayout><phrase role="commit-message">Made a number of changes related to elements with
out-of-line content:

- Added handling for <tag>mediaobject</tag> &amp; inlinemedidaobject.
  Each <tag>imagedata</tag>, <tag>audiodata</tag>, or <tag>videodata</tag> element
  within a <tag>mediaobject</tag> or inline <tag>mediaobject</tag> is now
  treated as a "notesource" and so handled in much the
  same way as links and <tag>annotation</tag>/<tag>alt</tag>/footnotes.

  That means a numbered marker is generated inline to
  mark the place in the main flow where the <tag>imagedata</tag>,
  <tag>audiodata</tag>, or <tag>videodata</tag> element occurs, and a
  corresponding numbered endnote for it is generated in
  the endnotes list at the end of the man page; the
  endnote contains the URL from the fileref attribute
  of the <tag>imagedata</tag>, <tag>audiodata</tag>, or <tag>videodata</tag> element.

  For mediobject and <tag>inlinemediaobject</tag> instances that
  have a <tag>textobject</tag> child, the <tag>textobject</tag> is displayed
  within the main text flow.

- Renamed several man.link.* params to man.endnotes.*,
  to reflect that fact that the endnotes list now
  contains more than just links. Also did similar
  renaming for a number of stylesheet-internal vars.

- Added support for xlink:href (along with existing
  support for the legacy ulink element).

- Cleaned up and streamlined the endnotes-handling
  code. It's still messy and klunky and the basic
  mechanism it uses is very inefficent for documents
  that contain a lot of notesources, but at least it's
  a bit better than it was.<alt>M: /trunk/xsl/manpages/block.xsl; M: /trunk/xsl/manpages/inline.xsl; M: /trunk/xsl/manpages/param.xweb; M: /trunk/xsl/manpages/docbook.xsl; M: /trunk/xsl/manpages/links.xsl; M: /trunk/xsl/manpages/param.ent - Michael(tm) Smith</alt></phrase></literallayout>
</listitem>
<listitem>
<literallayout><phrase role="commit-message">Updated <tag>copyright</tag> notices.<alt>M: /trunk/xsl/manpages/param.xweb - Michael(tm) Smith</alt></phrase></literallayout>
</listitem>
</itemizedlist>
</sect2><!--end of Manpages changes for snapshot_6795-->

<sect2 xml:id="Vsnapshot_6795_Roundtrip">
<title>Roundtrip</title>
<para>The following changes have been made to the
            <filename>roundtrip</filename> code
            since the 1.72.0 release.</para>
<itemizedlist>
<listitem>
<literallayout><phrase role="commit-message">Renamed cvstools dir to buildtools, and replaced all
references to "cvstools" in makefiles and elsewhere
with "buildtools".<alt>M: /trunk/xsl/roundtrip/Makefile - Michael(tm) Smith</alt></phrase></literallayout>
</listitem>
<listitem>
<literallayout><phrase role="commit-message">Port from docs-in-db5 branch of all DocBook5-formatted
params and all associated build changes needed for
building the param.xsl files and docs from them.<alt>M: /trunk/xsl/roundtrip/Makefile - Michael(tm) Smith</alt></phrase></literallayout>
</listitem>
<listitem>
<literallayout><phrase role="commit-message">Updated <tag>copyright</tag> notices.<alt>M: /trunk/xsl/roundtrip/param.xweb - Michael(tm) Smith</alt></phrase></literallayout>
</listitem>
</itemizedlist>
</sect2><!--end of Roundtrip changes for snapshot_6795-->

<sect2 xml:id="Vsnapshot_6795_Slides">
<title>Slides</title>
<para>The following changes have been made to the
            <filename>slides</filename> code
            since the 1.72.0 release.</para>
<itemizedlist>
<listitem>
<literallayout><phrase role="commit-message">Made some further adjustments to cause slides/fo and
slides/html param builds to work correctly.<alt>M: /trunk/xsl/slides/fo/plain.xsl; M: /trunk/xsl/slides/Makefile; M: /trunk/xsl/slides/html/slides-common.xsl - Michael(tm) Smith</alt></phrase></literallayout>
</listitem>
<listitem>
<literallayout><phrase role="commit-message">Made changes to cause build of separate
slides/fo/param.xsl and slides/html/param.xsl files,
and updated doc build to handle that split. Also
updated build of ChangeLog.xml, NEWS file and
RELEASE-NOTES.{html,txt,pdf} builds to include slides
and website changes.
Closes bug #1671745. Thanks to Justus Piater.<alt>M: /trunk/xsl/slides/fo; M: /trunk/xsl/slides/html; M: /trunk/xsl/slides/Makefile; M: /trunk/xsl/slides/fo/.cvsignore; M: /trunk/xsl/slides/fo/Makefile; M: /trunk/xsl/slides/html/.cvsignore; A: /trunk/xsl/slides/html/Makefile; D: /trunk/xsl/slides/param.ent; A: /trunk/xsl/slides/html/param.ent; A: /trunk/xsl/slides/fo/param.ent; D: /trunk/xsl/slides/param.xweb; A: /trunk/xsl/slides/fo/param.xweb; A: /trunk/xsl/slides/html/param.xweb - Michael(tm) Smith</alt></phrase></literallayout>
</listitem>
<listitem>
<literallayout><phrase role="commit-message">Renamed cvstools dir to buildtools, and replaced all
references to "cvstools" in makefiles and elsewhere
with "buildtools".<alt>M: /trunk/xsl/slides/Makefile; M: /trunk/xsl/slides/fo/Makefile; M: /trunk/xsl/slides/xhtml/Makefile - Michael(tm) Smith</alt></phrase></literallayout>
</listitem>
<listitem>
<literallayout><phrase role="commit-message">Port from docs-in-db5 branch of all DocBook5-formatted
params and all associated build changes needed for
building the param.xsl files and docs from them.<alt>M: /trunk/xsl/slides/param.xweb; M: /trunk/xsl/slides/Makefile; A: /trunk/xsl/slides/param.ent; M: /trunk/xsl/slides/fo/Makefile; M: /trunk/xsl/slides/.cvsignore; M: /trunk/xsl/slides/fo/plain.xsl - Michael(tm) Smith</alt></phrase></literallayout>
</listitem>
<listitem>
<literallayout><phrase role="commit-message">Moved slides and website stylesheets into xsl tree. They have
shipped as part of xsl for the last three releases now, just been
getting pulled in as part of the build. Now that we're using svn,
it's trivial to actually move them in (and to move them back out
if we need to).<alt>A: /trunk/xsl/slides/graphics; A: /trunk/xsl/slides/browser - Michael(tm) Smith</alt></phrase></literallayout>
</listitem>
</itemizedlist>
</sect2><!--end of Slides changes for snapshot_6795-->

<sect2 xml:id="Vsnapshot_6795_Website">
<title>Website</title>
<para>The following changes have been made to the
            <filename>website</filename> code
            since the 1.72.0 release.</para>
<itemizedlist>
<listitem>
<literallayout><phrase role="commit-message">Renamed cvstools dir to buildtools, and replaced all
references to "cvstools" in makefiles and elsewhere
with "buildtools".<alt>M: /trunk/xsl/website/Makefile - Michael(tm) Smith</alt></phrase></literallayout>
</listitem>
<listitem>
<literallayout><phrase role="commit-message">Port from docs-in-db5 branch of all DocBook5-formatted
params and all associated build changes needed for
building the param.xsl files and docs from them.<alt>M: /trunk/xsl/website/Makefile; M: /trunk/xsl/website/.cvsignore; M: /trunk/xsl/website/param.xweb; A: /trunk/xsl/website/param.ent - Michael(tm) Smith</alt></phrase></literallayout>
</listitem>
</itemizedlist>
</sect2><!--end of Website changes for snapshot_6795-->

<sect2 xml:id="Vsnapshot_6795_Params">
<title>Params</title>
<para>The following changes have been made to the
            <filename>params</filename> code
            since the 1.72.0 release.</para>
<itemizedlist>
<listitem>
<literallayout><phrase role="commit-message">Fixed repeated space-before.optimum<alt>M: /trunk/xsl/params/index.div.title.properties.xml - Robert Stayton</alt></phrase></literallayout>
</listitem>
<listitem>
<literallayout><phrase role="commit-message">Add support for profiling on new attributes audience and wordsize.<alt>A: /trunk/xsl/params/profile.wordsize.xml; A: /trunk/xsl/params/profile.audience.xml - Robert Stayton</alt></phrase></literallayout>
</listitem>
<listitem>
<literallayout><phrase role="commit-message">Added SVG graphics for fo output.<alt>M: /trunk/xsl/params/callout.graphics.number.limit.xml; M: /trunk/xsl/params/callout.graphics.extension.xml - Robert Stayton</alt></phrase></literallayout>
</listitem>
<listitem>
<literallayout><phrase role="commit-message">Set size of <tag>callout</tag> graphics.<alt>A: /trunk/xsl/params/callout.icon.size.xml - Robert Stayton</alt></phrase></literallayout>
</listitem>
<listitem>
<literallayout><phrase role="commit-message">Replaced with new name.<alt>D: /trunk/xsl/params/callout.bug.size.xml - Robert Stayton</alt></phrase></literallayout>
</listitem>
<listitem>
<literallayout><phrase role="commit-message">Control size of graphical <tag>callout</tag> bugs in FO output.<alt>A: /trunk/xsl/params/callout.bug.size.xml - Robert Stayton</alt></phrase></literallayout>
</listitem>
<listitem>
<literallayout><phrase role="commit-message">Updated parameter metadata to the new format.<alt>M: /trunk/xsl/params/default.units.xml; M: /trunk/xsl/params/chunker.output.method.xml; M: /trunk/xsl/params/toc.list.type.xml; M: /trunk/xsl/params/output.indent.xml; M: /trunk/xsl/params/funcsynopsis.style.xml - Jirka Kosek</alt></phrase></literallayout>
</listitem>
<listitem>
<literallayout><phrase role="commit-message">Added type annotations into parameter definition files.<alt>M: /trunk/xsl/params/man.output.quietly.xml; M: /trunk/xsl/params/title.font.family.xml; M: /trunk/xsl/params/footnote.sep.leader.properties.xml; M: /trunk/xsl/params/orderedlist.properties.xml; M: /trunk/xsl/params/graphics.dir.xml; M: /trunk/xsl/params/informalexample.properties.xml; M: /trunk/xsl/params/formal.object.properties.xml; M: /trunk/xsl/params/footnote.mark.properties.xml; M: /trunk/xsl/params/script.dir.xml; M: /trunk/xsl/params/table.properties.xml; M: /trunk/xsl/params/page.height.xml; M: /trunk/xsl/params/hyphenate.xml; M: /trunk/xsl/params/man.font.table.title.xml; M: /trunk/xsl/params/paper.type.xml; M: /trunk/xsl/params/symbol.font.family.xml; M: /trunk/xsl/params/index.preferred.page.properties.xml; M: /trunk/xsl/params/page.margin.bottom.xml; M: /trunk/xsl/params/toc.margin.properties.xml; M: /trunk/xsl/params/admonition.properties.xml; M: /trunk/xsl/params/css.stylesheet.dir.xml; M: /trunk/xsl/params/itemizedlist.properties.xml; M: /trunk/xsl/params/foilgroup.properties.xml; M: /trunk/xsl/params/double.sided.xml; M: /trunk/xsl/params/root.filename.xml; M: /trunk/xsl/params/page.margin.inner.xml; M: /trunk/xsl/params/itemizedlist.label.width.xml; M: /trunk/xsl/params/verbatim.properties.xml; M: /trunk/xsl/params/man.output.lang.in.name.enabled.xml; M: /trunk/xsl/params/feedback.href.xml; M: /trunk/xsl/params/olink.properties.xml; M: /trunk/xsl/params/html.append.xml; M: /trunk/xsl/params/body.margin.top.xml; M: /trunk/xsl/params/informaltable.properties.xml; M: /trunk/xsl/params/figure.properties.xml; M: /trunk/xsl/params/man.output.subdirs.enabled.xml; M: /trunk/xsl/params/variablelist.max.termlength.xml; M: /trunk/xsl/params/alignment.xml; M: /trunk/xsl/params/overlay.logo.xml; M: /trunk/xsl/params/compact.list.item.spacing.xml; M: /trunk/xsl/params/running.foot.properties.xml; M: /trunk/xsl/params/foil.title.size.xml; M: /trunk/xsl/params/procedure.properties.xml; M: /trunk/xsl/params/preferred.mediaobject.role.xml; M: /trunk/xsl/params/page.height.portrait.xml; M: /trunk/xsl/params/monospace.verbatim.properties.xml; M: /trunk/xsl/params/orderedlist.label.properties.xml; M: /trunk/xsl/params/page.width.xml; M: /trunk/xsl/params/formal.title.properties.xml; M: /trunk/xsl/params/sidebar.float.width.xml; M: /trunk/xsl/params/refentry.meta.get.quietly.xml; M: /trunk/xsl/params/callout.unicode.font.xml; M: /trunk/xsl/params/normal.para.spacing.xml; M: /trunk/xsl/params/page.width.portrait.xml; M: /trunk/xsl/params/chunk.sections.xml; M: /trunk/xsl/params/man.font.funcsynopsisinfo.xml; M: /trunk/xsl/params/abstract.properties.xml; M: /trunk/xsl/params/man.output.in.separate.dir.xml; M: /trunk/xsl/params/margin.note.width.xml; M: /trunk/xsl/params/index.div.title.properties.xml; M: /trunk/xsl/params/blockquote.properties.xml; M: /trunk/xsl/params/chunk.quietly.xml; M: /trunk/xsl/params/informalfigure.properties.xml; M: /trunk/xsl/params/informal.object.properties.xml; M: /trunk/xsl/params/body.start.indent.xml; M: /trunk/xsl/params/pages.template.xml; M: /trunk/xsl/params/body.font.size.xml; M: /trunk/xsl/params/orderedlist.label.width.xml; M: /trunk/xsl/params/admonition.title.properties.xml; M: /trunk/xsl/params/body.margin.bottom.xml; M: /trunk/xsl/params/wordml.template.xml; M: /trunk/xsl/params/chunk.append.xml; M: /trunk/xsl/params/foil.subtitle.properties.xml; M: /trunk/xsl/params/itemizedlist.label.properties.xml; M: /trunk/xsl/params/equation.properties.xml; M: /trunk/xsl/params/css.stylesheet.xml; M: /trunk/xsl/params/body.font.family.xml; M: /trunk/xsl/params/foil.properties.xml; M: /trunk/xsl/params/chunk.first.sections.xml; M: /trunk/xsl/params/page.margin.outer.xml; M: /trunk/xsl/params/base.dir.xml; M: /trunk/xsl/params/footnote.properties.xml; M: /trunk/xsl/params/page.margin.top.xml; M: /trunk/xsl/params/xep.index.item.properties.xml; M: /trunk/xsl/params/list.item.spacing.xml; M: /trunk/xsl/params/body.font.master.xml; M: /trunk/xsl/params/list.block.properties.xml; M: /trunk/xsl/params/nongraphical.admonition.properties.xml; M: /trunk/xsl/params/man.font.funcprototype.xml; M: /trunk/xsl/params/html.ext.xml; M: /trunk/xsl/params/index.page.number.properties.xml; M: /trunk/xsl/params/page.orientation.xml; M: /trunk/xsl/params/table.table.properties.xml; M: /trunk/xsl/params/informalequation.properties.xml; M: /trunk/xsl/params/man.indent.width.xml; M: /trunk/xsl/params/monospace.font.family.xml; M: /trunk/xsl/params/pgwide.properties.xml; M: /trunk/xsl/params/footnote.font.size.xml; M: /trunk/xsl/params/speakernote.properties.xml; M: /trunk/xsl/params/biblioentry.properties.xml; M: /trunk/xsl/params/slides.properties.xml; M: /trunk/xsl/params/table.footnote.properties.xml; M: /trunk/xsl/params/body.end.indent.xml; M: /trunk/xsl/params/graphical.admonition.properties.xml; M: /trunk/xsl/params/example.properties.xml; M: /trunk/xsl/params/list.block.spacing.xml; M: /trunk/xsl/params/man.font.table.headings.xml; M: /trunk/xsl/params/sans.font.family.xml; M: /trunk/xsl/params/region.after.extent.xml; M: /trunk/xsl/params/region.before.extent.xml; M: /trunk/xsl/params/dingbat.font.family.xml; M: /trunk/xsl/params/xref.properties.xml; M: /trunk/xsl/params/man.output.base.dir.xml; M: /trunk/xsl/params/index.entry.properties.xml; M: /trunk/xsl/params/foil.title.master.xml - Jirka Kosek</alt></phrase></literallayout>
</listitem>
<listitem>
<literallayout><phrase role="commit-message">Support spans in sections for certain processors.<alt>A: /trunk/xsl/params/section.container.element.xml - Robert Stayton</alt></phrase></literallayout>
</listitem>
<listitem>
<literallayout><phrase role="commit-message">Empty attribute set for top level component titlepage block.
Allows setting a span on <tag>title</tag> <tag>info</tag>.<alt>A: /trunk/xsl/params/component.titlepage.properties.xml - Robert Stayton</alt></phrase></literallayout>
</listitem>
<listitem>
<literallayout><phrase role="commit-message">Added <tag>link</tag> to WiKi page with description of special markup needed for ISO690 biblioentries<alt>M: /trunk/xsl/params/bibliography.style.xml - Jirka Kosek</alt></phrase></literallayout>
</listitem>
<listitem>
<literallayout><phrase role="commit-message">Made some minor updates to param docs and comments in
manpages stylesheet. Also, removed some params for
manpages doc that are already doc'ed as HTML params.<alt>M: /trunk/xsl/params/man.string.subst.map.xml - Michael(tm) Smith</alt></phrase></literallayout>
</listitem>
<listitem>
<literallayout><phrase role="commit-message">Clarify that multiple <tag>year</tag> elements are required.<alt>M: /trunk/xsl/params/make.year.ranges.xml - Robert Stayton</alt></phrase></literallayout>
</listitem>
<listitem>
<literallayout><phrase role="commit-message">Reverted necessary escaping of backslash, dot, and dash
out of the well-intentioned (but it now appears,
misguided) "marker" mechanism (introduced in the 1.72.0
release) -- which made use of alternative "marker"
characters as internal representations of those
characters, and then replaced them just prior to
serialization -- and back into what's basically the
system that was used prior to the 1.69.0 release; that
is, into a part of stylesheet code that gets executed
at the beginning of processing -- before any other roff
markup up is. This change obviates the need for the
marker system. It also requires a lot less RAM during
processing (for large files, the marker mechanism
ending up requiring gigabytes of memory).

Closes bug #1661177. Thanks to Scott Smedley for
providing a test case (the fvwm man page) that exposed
the problem with the marker mechanism.

Also moved the mechanism for converting non-breaking
spaces back into the same <tag>area</tag> of the stylesheet code.<alt>M: /trunk/xsl/params/man.string.subst.map.xml - Michael(tm) Smith</alt></phrase></literallayout>
</listitem>
<listitem>
<literallayout><phrase role="commit-message">Turn off <parameter>id.warnings</parameter> by default.<alt>M: /trunk/xsl/params/id.warnings.xml - Robert Stayton</alt></phrase></literallayout>
</listitem>
<listitem>
<literallayout><phrase role="commit-message">Port from docs-in-db5 branch of all DocBook5-formatted
params and all associated build changes needed for
building the param.xsl files and docs from them.<alt>M: /trunk/xsl/params/title.font.family.xml; M: /trunk/xsl/params/toc.line.properties.xml; M: /trunk/xsl/params/component.label.includes.part.label.xml; M: /trunk/xsl/params/refentry.manual.profile.xml; M: /trunk/xsl/params/orderedlist.properties.xml; M: /trunk/xsl/params/olink.pubid.xml; M: /trunk/xsl/params/informalexample.properties.xml; M: /trunk/xsl/params/appendix.autolabel.xml; M: /trunk/xsl/params/htmlhelp.show.toolbar.text.xml; A: /trunk/xsl/params/overlay.xml; M: /trunk/xsl/params/index.on.role.xml; A: /trunk/xsl/params/nav.separator.xml; M: /trunk/xsl/params/htmlhelp.button.jump2.url.xml; M: /trunk/xsl/params/para.propagates.style.xml; M: /trunk/xsl/params/variablelist.term.separator.xml; M: /trunk/xsl/params/html.stylesheet.xml; M: /trunk/xsl/params/man.endnotes.list.enabled.xml; M: /trunk/xsl/params/qanda.nested.in.toc.xml; M: /trunk/xsl/params/annotation.css.xml; M: /trunk/xsl/params/funcsynopsis.style.xml; M: /trunk/xsl/params/footer.content.properties.xml; M: /trunk/xsl/params/htmlhelp.encoding.xml; M: /trunk/xsl/params/verbatim.properties.xml; M: /trunk/xsl/params/autotoc.label.in.hyperlink.xml; M: /trunk/xsl/params/body.margin.top.xml; M: /trunk/xsl/params/bibliography.numbered.xml; M: /trunk/xsl/params/figure.properties.xml; M: /trunk/xsl/params/variablelist.max.termlength.xml; M: /trunk/xsl/params/table.cell.border.style.xml; A: /trunk/xsl/params/running.foot.properties.xml; M: /trunk/xsl/params/htmlhelp.button.options.xml; A: /trunk/xsl/params/foil.title.size.xml; M: /trunk/xsl/params/htmlhelp.chm.xml; M: /trunk/xsl/params/preferred.mediaobject.role.xml; M: /trunk/xsl/params/qanda.title.level3.properties.xml; M: /trunk/xsl/params/man.charmap.subset.profile.xml; M: /trunk/xsl/params/page.width.xml; M: /trunk/xsl/params/section.level6.properties.xml; M: /trunk/xsl/params/firstterm.only.link.xml; A: /trunk/xsl/params/overlay.js.xml; M: /trunk/xsl/params/htmlhelp.button.locate.xml; M: /trunk/xsl/params/chunk.sections.xml; M: /trunk/xsl/params/use.local.olink.style.xml; M: /trunk/xsl/params/refentry.date.profile.enabled.xml; A: /trunk/xsl/params/feedback.link.text.xml; M: /trunk/xsl/params/refentry.version.suppress.xml; M: /trunk/xsl/params/reference.autolabel.xml; M: /trunk/xsl/params/refentry.generate.title.xml; M: /trunk/xsl/params/punct.honorific.xml; M: /trunk/xsl/params/body.start.indent.xml; M: /trunk/xsl/params/column.gap.index.xml; A: /trunk/xsl/params/xbLibrary.js.xml; M: /trunk/xsl/params/crop.mark.width.xml; M: /trunk/xsl/params/refentry.version.profile.enabled.xml; M: /trunk/xsl/params/superscript.properties.xml; M: /trunk/xsl/params/chunker.output.doctype-public.xml; A: /trunk/xsl/params/toc.spacer.text.xml; A: /trunk/xsl/params/foil.properties.xml; M: /trunk/xsl/params/saxon.character.representation.xml; M: /trunk/xsl/params/saxon.linenumbering.xml; M: /trunk/xsl/params/shade.verbatim.style.xml; M: /trunk/xsl/params/annotate.toc.xml; M: /trunk/xsl/params/man.endnotes.list.heading.xml; M: /trunk/xsl/params/profile.attribute.xml; A: /trunk/xsl/params/multiframe.xml; M: /trunk/xsl/params/callout.graphics.number.limit.xml; M: /trunk/xsl/params/man.string.subst.map.local.pre.xml; A: /trunk/xsl/params/speakernote.properties.xml; M: /trunk/xsl/params/profile.arch.xml; A: /trunk/xsl/params/toc.spacer.graphic.xml; A: /trunk/xsl/params/slides.properties.xml; M: /trunk/xsl/params/saxon.tablecolumns.xml; A: /trunk/xsl/params/toc.pointer.graphic.xml; M: /trunk/xsl/params/glossterm.auto.link.xml; M: /trunk/xsl/params/default.units.xml; M: /trunk/xsl/params/qanda.title.level1.properties.xml; M: /trunk/xsl/params/list.block.spacing.xml; M: /trunk/xsl/params/section.level4.properties.xml; M: /trunk/xsl/params/spacing.paras.xml; M: /trunk/xsl/params/column.count.index.xml; M: /trunk/xsl/params/dingbat.font.family.xml; M: /trunk/xsl/params/citerefentry.link.xml; M: /trunk/xsl/params/keep.relative.image.uris.xml; M: /trunk/xsl/params/ulink.footnotes.xml; M: /trunk/xsl/params/refentry.title.properties.xml; M: /trunk/xsl/params/prefer.internal.olink.xml; A: /trunk/xsl/params/no.next.image.xml; M: /trunk/xsl/params/variablelist.term.break.after.xml; M: /trunk/xsl/params/use.id.function.xml; A: /trunk/xsl/params/toc.hide.show.xml; M: /trunk/xsl/params/callout.unicode.start.character.xml; M: /trunk/xsl/params/column.gap.titlepage.xml; M: /trunk/xsl/params/editedby.enabled.xml; M: /trunk/xsl/params/funcsynopsis.tabular.threshold.xml; M: /trunk/xsl/params/use.extensions.xml; M: /trunk/xsl/params/index.preferred.page.properties.xml; M: /trunk/xsl/params/man.th.extra3.max.length.xml; A: /trunk/xsl/params/foilgroup.properties.xml; M: /trunk/xsl/params/column.gap.back.xml; M: /trunk/xsl/params/tex.math.delims.xml; M: /trunk/xsl/params/article.appendix.title.properties.xml; M: /trunk/xsl/params/ulink.target.xml; M: /trunk/xsl/params/suppress.header.navigation.xml; M: /trunk/xsl/params/olink.resolver.xml; M: /trunk/xsl/params/admon.textlabel.xml; M: /trunk/xsl/params/procedure.properties.xml; M: /trunk/xsl/params/blurb.on.titlepage.enabled.xml; M: /trunk/xsl/params/section.level2.properties.xml; M: /trunk/xsl/params/column.gap.front.xml; M: /trunk/xsl/params/margin.note.title.properties.xml; M: /trunk/xsl/params/admon.graphics.xml; M: /trunk/xsl/params/glossary.collection.xml; A: /trunk/xsl/params/show.foil.number.xml; A: /trunk/xsl/params/dry-run.xml; M: /trunk/xsl/params/current.docid.xml; M: /trunk/xsl/params/qanda.inherit.numeration.xml; M: /trunk/xsl/params/table.cell.padding.xml; M: /trunk/xsl/params/preface.autolabel.xml; M: /trunk/xsl/params/man.th.extra3.suppress.xml; M: /trunk/xsl/params/wordml.template.xml; M: /trunk/xsl/params/footer.table.properties.xml; M: /trunk/xsl/params/htmlhelp.use.hhk.xml; M: /trunk/xsl/params/textinsert.extension.xml; M: /trunk/xsl/params/ebnf.table.bgcolor.xml; M: /trunk/xsl/params/refentry.source.fallback.profile.xml; M: /trunk/xsl/params/l10n.gentext.default.language.xml; M: /trunk/xsl/params/body.font.master.xml; M: /trunk/xsl/params/list.block.properties.xml; M: /trunk/xsl/params/refentry.source.name.suppress.xml; M: /trunk/xsl/params/htmlhelp.hhp.window.xml; M: /trunk/xsl/params/index.page.number.properties.xml; M: /trunk/xsl/params/sidebar.properties.xml; M: /trunk/xsl/params/tex.math.file.xml; M: /trunk/xsl/params/man.justify.xml; M: /trunk/xsl/params/subscript.properties.xml; M: /trunk/xsl/params/column.count.front.xml; A: /trunk/xsl/params/filename-prefix.xml; M: /trunk/xsl/params/index.term.separator.xml; M: /trunk/xsl/params/biblioentry.properties.xml; M: /trunk/xsl/params/biblioentry.item.separator.xml; M: /trunk/xsl/params/htmlhelp.button.home.url.xml; M: /trunk/xsl/params/column.count.body.xml; M: /trunk/xsl/params/suppress.navigation.xml; M: /trunk/xsl/params/htmlhelp.remember.window.position.xml; A: /trunk/xsl/params/table.spacer.image.xml; M: /trunk/xsl/params/htmlhelp.hhc.section.depth.xml; M: /trunk/xsl/params/xref.with.number.and.title.xml; A: /trunk/xsl/params/toc.blank.graphic.xml; M: /trunk/xsl/params/make.year.ranges.xml; M: /trunk/xsl/params/region.before.extent.xml; M: /trunk/xsl/params/xref.label-page.separator.xml; M: /trunk/xsl/params/html.longdesc.link.xml; M: /trunk/xsl/params/man.subheading.divider.enabled.xml; M: /trunk/xsl/params/index.entry.properties.xml; M: /trunk/xsl/params/generate.legalnotice.link.xml; M: /trunk/xsl/params/section.autolabel.xml; M: /trunk/xsl/params/html.base.xml; M: /trunk/xsl/params/suppress.footer.navigation.xml; M: /trunk/xsl/params/nominal.image.depth.xml; A: /trunk/xsl/params/toc.blank.text.xml; A: /trunk/xsl/params/currentpage.marker.xml; M: /trunk/xsl/params/table.footnote.number.format.xml; M: /trunk/xsl/params/table.footnote.number.symbols.xml; M: /trunk/xsl/params/callout.graphics.xml; A: /trunk/xsl/params/footer.hr.xml; M: /trunk/xsl/params/man.break.after.slash.xml; M: /trunk/xsl/params/function.parens.xml; M: /trunk/xsl/params/saxon.callouts.xml; M: /trunk/xsl/params/part.autolabel.xml; M: /trunk/xsl/params/htmlhelp.button.home.xml; M: /trunk/xsl/params/css.decoration.xml; M: /trunk/xsl/params/email.delimiters.enabled.xml; M: /trunk/xsl/params/column.count.lot.xml; M: /trunk/xsl/params/draft.mode.xml; M: /trunk/xsl/params/use.role.for.mediaobject.xml; A: /trunk/xsl/params/multiframe.top.bgcolor.xml; M: /trunk/xsl/params/refentry.separator.xml; M: /trunk/xsl/params/man.output.manifest.filename.xml; M: /trunk/xsl/params/process.empty.source.toc.xml; M: /trunk/xsl/params/man.font.funcsynopsisinfo.xml; M: /trunk/xsl/params/graphicsize.use.img.src.path.xml; M: /trunk/xsl/params/man.output.in.separate.dir.xml; M: /trunk/xsl/params/man.output.encoding.xml; M: /trunk/xsl/params/profile.role.xml; M: /trunk/xsl/params/column.gap.lot.xml; M: /trunk/xsl/params/column.count.titlepage.xml; M: /trunk/xsl/params/entry.propagates.style.xml; M: /trunk/xsl/params/informalfigure.properties.xml; M: /trunk/xsl/params/show.comments.xml; M: /trunk/xsl/params/bibliography.collection.xml; M: /trunk/xsl/params/contrib.inline.enabled.xml; A: /trunk/xsl/params/text.up.xml; M: /trunk/xsl/params/section.title.level5.properties.xml; A: /trunk/xsl/params/text.home.xml; A: /trunk/xsl/params/css.stylesheet.xml; A: /trunk/xsl/params/output.indent.xml; A: /trunk/xsl/params/output-root.xml; M: /trunk/xsl/params/fop.extensions.xml; M: /trunk/xsl/params/htmlhelp.button.jump1.xml; M: /trunk/xsl/params/man.hyphenate.urls.xml; M: /trunk/xsl/params/header.column.widths.xml; M: /trunk/xsl/params/profile.condition.xml; M: /trunk/xsl/params/chunker.output.standalone.xml; M: /trunk/xsl/params/annotation.js.xml; M: /trunk/xsl/params/targets.filename.xml; M: /trunk/xsl/params/default.float.class.xml; A: /trunk/xsl/params/textbgcolor.xml; M: /trunk/xsl/params/sidebar.float.type.xml; M: /trunk/xsl/params/chapter.autolabel.xml; M: /trunk/xsl/params/profile.separator.xml; M: /trunk/xsl/params/generate.index.xml; M: /trunk/xsl/params/nongraphical.admonition.properties.xml; M: /trunk/xsl/params/navig.graphics.xml; M: /trunk/xsl/params/htmlhelp.button.next.xml; M: /trunk/xsl/params/insert.olink.pdf.frag.xml; M: /trunk/xsl/params/htmlhelp.button.stop.xml; M: /trunk/xsl/params/footnote.font.size.xml; M: /trunk/xsl/params/profile.value.xml; M: /trunk/xsl/params/ebnf.table.border.xml; M: /trunk/xsl/params/htmlhelp.hhc.folders.instead.books.xml; M: /trunk/xsl/params/glossary.as.blocks.xml; M: /trunk/xsl/params/body.end.indent.xml; M: /trunk/xsl/params/use.role.as.xrefstyle.xml; M: /trunk/xsl/params/chunker.output.encoding.xml; M: /trunk/xsl/params/man.indent.blurbs.xml; M: /trunk/xsl/params/chunker.output.omit-xml-declaration.xml; M: /trunk/xsl/params/sans.font.family.xml; M: /trunk/xsl/params/html.cleanup.xml; M: /trunk/xsl/params/htmlhelp.hhp.xml; M: /trunk/xsl/params/htmlhelp.only.xml; M: /trunk/xsl/params/eclipse.plugin.name.xml; A: /trunk/xsl/params/text.next.xml; A: /trunk/xsl/params/navbodywidth.xml; A: /trunk/xsl/params/toc.width.xml; M: /trunk/xsl/params/section.title.level3.properties.xml; M: /trunk/xsl/params/man.th.extra1.suppress.xml; M: /trunk/xsl/params/qanda.in.toc.xml; M: /trunk/xsl/params/chunk.section.depth.xml; M: /trunk/xsl/params/htmlhelp.hhp.tail.xml; M: /trunk/xsl/params/sidebar.title.properties.xml; M: /trunk/xsl/params/hyphenate.xml; M: /trunk/xsl/params/paper.type.xml; M: /trunk/xsl/params/glossary.sort.xml; M: /trunk/xsl/params/symbol.font.family.xml; M: /trunk/xsl/params/chunk.tocs.and.lots.has.title.xml; M: /trunk/xsl/params/page.margin.bottom.xml; M: /trunk/xsl/params/callout.unicode.number.limit.xml; A: /trunk/xsl/params/titlefoil.html.xml; A: /trunk/xsl/params/slides.js.xml; M: /trunk/xsl/params/itemizedlist.properties.xml; M: /trunk/xsl/params/root.filename.xml; M: /trunk/xsl/params/tablecolumns.extension.xml; M: /trunk/xsl/params/htmlhelp.show.favorities.xml; A: /trunk/xsl/params/feedback.href.xml; M: /trunk/xsl/params/informaltable.properties.xml; M: /trunk/xsl/params/htmlhelp.default.topic.xml; M: /trunk/xsl/params/revhistory.table.cell.properties.xml; M: /trunk/xsl/params/compact.list.item.spacing.xml; A: /trunk/xsl/params/overlay.logo.xml; M: /trunk/xsl/params/page.height.portrait.xml; M: /trunk/xsl/params/html.head.legalnotice.link.types.xml; M: /trunk/xsl/params/passivetex.extensions.xml; M: /trunk/xsl/params/othercredit.like.author.enabled.xml; M: /trunk/xsl/params/orderedlist.label.properties.xml; M: /trunk/xsl/params/header.content.properties.xml; M: /trunk/xsl/params/refentry.meta.get.quietly.xml; A: /trunk/xsl/params/toc.blank.image.xml; M: /trunk/xsl/params/section.properties.xml; M: /trunk/xsl/params/htmlhelp.button.hideshow.xml; M: /trunk/xsl/params/simplesect.in.toc.xml; M: /trunk/xsl/params/chunk.quietly.xml; M: /trunk/xsl/params/htmlhelp.enumerate.images.xml; M: /trunk/xsl/params/section.title.level1.properties.xml; M: /trunk/xsl/params/qanda.defaultlabel.xml; M: /trunk/xsl/params/htmlhelp.enhanced.decompilation.xml; M: /trunk/xsl/params/man.th.title.max.length.xml; M: /trunk/xsl/params/footnote.number.format.xml; M: /trunk/xsl/params/body.margin.bottom.xml; M: /trunk/xsl/params/htmlhelp.window.geometry.xml; M: /trunk/xsl/params/htmlhelp.button.jump2.xml; M: /trunk/xsl/params/use.svg.xml; M: /trunk/xsl/params/qanda.title.level6.properties.xml; A: /trunk/xsl/params/prev.image.xml; M: /trunk/xsl/params/collect.xref.targets.xml; M: /trunk/xsl/params/html.extra.head.links.xml; M: /trunk/xsl/params/variablelist.as.table.xml; M: /trunk/xsl/params/man.indent.width.xml; M: /trunk/xsl/params/axf.extensions.xml; M: /trunk/xsl/params/eclipse.plugin.id.xml; M: /trunk/xsl/params/linenumbering.width.xml; M: /trunk/xsl/params/menuchoice.separator.xml; A: /trunk/xsl/params/ua.js.xml; M: /trunk/xsl/params/glossterm.separation.xml; M: /trunk/xsl/params/htmlhelp.autolabel.xml; M: /trunk/xsl/params/chunk.separate.lots.xml; M: /trunk/xsl/params/man.hyphenate.computer.inlines.xml; M: /trunk/xsl/params/htmlhelp.title.xml; M: /trunk/xsl/params/index.number.separator.xml; M: /trunk/xsl/params/linenumbering.separator.xml; M: /trunk/xsl/params/htmlhelp.button.prev.xml; M: /trunk/xsl/params/refentry.manual.fallback.profile.xml; M: /trunk/xsl/params/man.string.subst.map.local.post.xml; A: /trunk/xsl/params/dynamic.toc.xml; A: /trunk/xsl/params/home.image.xml; M: /trunk/xsl/params/footnote.sep.leader.properties.xml; M: /trunk/xsl/params/table.frame.border.color.xml; M: /trunk/xsl/params/hyphenate.verbatim.characters.xml; M: /trunk/xsl/params/table.cell.border.thickness.xml; M: /trunk/xsl/params/template.xml; M: /trunk/xsl/params/margin.note.properties.xml; M: /trunk/xsl/params/man.segtitle.suppress.xml; M: /trunk/xsl/params/generate.toc.xml; M: /trunk/xsl/params/formal.object.properties.xml; M: /trunk/xsl/params/footnote.mark.properties.xml; A: /trunk/xsl/params/script.dir.xml; M: /trunk/xsl/params/header.table.height.xml; M: /trunk/xsl/params/htmlhelp.button.back.xml; M: /trunk/xsl/params/qanda.title.level4.properties.xml; A: /trunk/xsl/params/text.prev.xml; A: /trunk/xsl/params/hidetoc.image.xml; M: /trunk/xsl/params/olink.lang.fallback.sequence.xml; M: /trunk/xsl/params/manual.toc.xml; M: /trunk/xsl/params/refentry.manual.profile.enabled.xml; M: /trunk/xsl/params/ulink.hyphenate.chars.xml; M: /trunk/xsl/params/manifest.xml; M: /trunk/xsl/params/olink.fragid.xml; A: /trunk/xsl/params/text.toc.xml; M: /trunk/xsl/params/refentry.date.profile.xml; M: /trunk/xsl/params/linenumbering.extension.xml; M: /trunk/xsl/params/html.append.xml; M: /trunk/xsl/params/component.title.properties.xml; M: /trunk/xsl/params/alignment.xml; M: /trunk/xsl/params/refentry.version.profile.xml; M: /trunk/xsl/params/ebnf.assignment.xml; M: /trunk/xsl/params/htmlhelp.button.print.xml; M: /trunk/xsl/params/annotation.support.xml; A: /trunk/xsl/params/suppress.homepage.title.xml; M: /trunk/xsl/params/sidebar.float.width.xml; M: /trunk/xsl/params/callout.unicode.font.xml; M: /trunk/xsl/params/xref.title-page.separator.xml; M: /trunk/xsl/params/normal.para.spacing.xml; M: /trunk/xsl/params/default.table.frame.xml; M: /trunk/xsl/params/pages.template.xml; M: /trunk/xsl/params/htmlhelp.button.zoom.xml; M: /trunk/xsl/params/admonition.title.properties.xml; M: /trunk/xsl/params/callout.graphics.extension.xml; M: /trunk/xsl/params/make.valid.html.xml; M: /trunk/xsl/params/qanda.title.level2.properties.xml; M: /trunk/xsl/params/page.margin.top.xml; M: /trunk/xsl/params/section.level5.properties.xml; M: /trunk/xsl/params/xep.index.item.properties.xml; A: /trunk/xsl/params/rebuild-all.xml; M: /trunk/xsl/params/line-height.xml; M: /trunk/xsl/params/qandadiv.autolabel.xml; M: /trunk/xsl/params/table.cell.border.color.xml; M: /trunk/xsl/params/xref.label-title.separator.xml; M: /trunk/xsl/params/man.font.funcprototype.xml; M: /trunk/xsl/params/chunk.tocs.and.lots.xml; M: /trunk/xsl/params/process.source.toc.xml; M: /trunk/xsl/params/page.orientation.xml; M: /trunk/xsl/params/refentry.generate.name.xml; M: /trunk/xsl/params/arbortext.extensions.xml; M: /trunk/xsl/params/navig.showtitles.xml; M: /trunk/xsl/params/table.table.properties.xml; M: /trunk/xsl/params/informalequation.properties.xml; M: /trunk/xsl/params/headers.on.blank.pages.xml; M: /trunk/xsl/params/table.footnote.properties.xml; M: /trunk/xsl/params/root.properties.xml; M: /trunk/xsl/params/htmlhelp.hhp.windows.xml; M: /trunk/xsl/params/htmlhelp.display.progress.xml; M: /trunk/xsl/params/refclass.suppress.xml; M: /trunk/xsl/params/graphical.admonition.properties.xml; A: /trunk/xsl/params/toc.bg.color.xml; M: /trunk/xsl/params/profile.conformance.xml; M: /trunk/xsl/params/htmlhelp.button.forward.xml; M: /trunk/xsl/params/man.endnotes.are.numbered.xml; M: /trunk/xsl/params/segmentedlist.as.table.xml; M: /trunk/xsl/params/margin.note.float.type.xml; M: /trunk/xsl/params/man.output.quietly.xml; M: /trunk/xsl/params/man.table.footnotes.divider.xml; M: /trunk/xsl/params/htmlhelp.hhc.show.root.xml; M: /trunk/xsl/params/footers.on.blank.pages.xml; M: /trunk/xsl/params/crop.mark.offset.xml; M: /trunk/xsl/params/olink.doctitle.xml; M: /trunk/xsl/params/section.level3.properties.xml; M: /trunk/xsl/params/callout.unicode.xml; M: /trunk/xsl/params/formal.procedures.xml; M: /trunk/xsl/params/index.prefer.titleabbrev.xml; M: /trunk/xsl/params/toc.section.depth.xml; M: /trunk/xsl/params/nominal.image.width.xml; A: /trunk/xsl/params/css.stylesheet.dir.xml; M: /trunk/xsl/params/htmlhelp.show.menu.xml; M: /trunk/xsl/params/double.sided.xml; M: /trunk/xsl/params/linenumbering.everyNth.xml; M: /trunk/xsl/params/generate.revhistory.link.xml; A: /trunk/xsl/params/xbStyle.js.xml; M: /trunk/xsl/params/olink.properties.xml; M: /trunk/xsl/params/tex.math.in.alt.xml; M: /trunk/xsl/params/man.output.subdirs.enabled.xml; M: /trunk/xsl/params/section.title.properties.xml; M: /trunk/xsl/params/toc.indent.width.xml; M: /trunk/xsl/params/column.count.back.xml; M: /trunk/xsl/params/man.charmap.uri.xml; M: /trunk/xsl/params/index.method.xml; M: /trunk/xsl/params/generate.section.toc.level.xml; M: /trunk/xsl/params/man.th.extra2.max.length.xml; M: /trunk/xsl/params/page.width.portrait.xml; M: /trunk/xsl/params/abstract.properties.xml; A: /trunk/xsl/params/next.image.xml; M: /trunk/xsl/params/revhistory.table.properties.xml; A: /trunk/xsl/params/header.hr.xml; M: /trunk/xsl/params/ulink.show.xml; M: /trunk/xsl/params/nominal.table.width.xml; M: /trunk/xsl/params/htmlhelp.button.jump1.title.xml; M: /trunk/xsl/params/index.div.title.properties.xml; M: /trunk/xsl/params/profile.userlevel.xml; A: /trunk/xsl/params/slide.title.font.family.xml; M: /trunk/xsl/params/html.cellpadding.xml; M: /trunk/xsl/params/orderedlist.label.width.xml; M: /trunk/xsl/params/crop.marks.xml; A: /trunk/xsl/params/no.up.image.xml; M: /trunk/xsl/params/menuchoice.menu.separator.xml; A: /trunk/xsl/params/slide.font.family.xml; M: /trunk/xsl/params/author.othername.in.middle.xml; M: /trunk/xsl/params/textdata.default.encoding.xml; M: /trunk/xsl/params/section.level1.properties.xml; M: /trunk/xsl/params/label.from.part.xml; A: /trunk/xsl/params/sequential.links.xml; M: /trunk/xsl/params/use.embed.for.svg.xml; M: /trunk/xsl/params/list.item.spacing.xml; M: /trunk/xsl/params/htmlhelp.hhc.width.xml; M: /trunk/xsl/params/column.gap.body.xml; M: /trunk/xsl/params/rootid.xml; M: /trunk/xsl/params/index.range.separator.xml; M: /trunk/xsl/params/glosslist.as.blocks.xml; M: /trunk/xsl/params/html.ext.xml; M: /trunk/xsl/params/callout.list.table.xml; M: /trunk/xsl/params/highlight.source.xml; A: /trunk/xsl/params/showtoc.image.xml; M: /trunk/xsl/params/show.revisionflag.xml; M: /trunk/xsl/params/man.output.manifest.enabled.xml; M: /trunk/xsl/params/pgwide.properties.xml; M: /trunk/xsl/params/generate.id.attributes.xml; M: /trunk/xsl/params/make.single.year.ranges.xml; M: /trunk/xsl/params/emphasis.propagates.style.xml; M: /trunk/xsl/params/abstract.title.properties.xml; M: /trunk/xsl/params/htmlhelp.hhc.xml; M: /trunk/xsl/params/monospace.properties.xml; A: /trunk/xsl/params/toc.pointer.image.xml; M: /trunk/xsl/params/htmlhelp.hhk.xml; M: /trunk/xsl/params/table.borders.with.css.xml; M: /trunk/xsl/params/man.links.are.underlined.xml; A: /trunk/xsl/params/toc.html.xml; M: /trunk/xsl/params/profile.vendor.xml; M: /trunk/xsl/params/shade.verbatim.xml; M: /trunk/xsl/params/callout.graphics.path.xml; M: /trunk/xsl/params/olink.debug.xml; A: /trunk/xsl/params/foil.title.master.xml; A: /trunk/xsl/params/toc.image.xml; M: /trunk/xsl/params/make.graphic.viewport.xml; M: /trunk/xsl/params/footnote.number.symbols.xml; A: /trunk/xsl/params/graphics.dir.xml; M: /trunk/xsl/params/man.charmap.enabled.xml; M: /trunk/xsl/params/page.height.xml; M: /trunk/xsl/params/htmlhelp.button.jump1.url.xml; M: /trunk/xsl/params/man.font.table.title.xml; M: /trunk/xsl/params/revhistory.title.properties.xml; M: /trunk/xsl/params/chunker.output.media-type.xml; M: /trunk/xsl/params/glossterm.width.xml; M: /trunk/xsl/params/points.per.em.xml; M: /trunk/xsl/params/page.margin.inner.xml; M: /trunk/xsl/params/itemizedlist.label.width.xml; A: /trunk/xsl/params/plus.image.xml; M: /trunk/xsl/params/ulink.hyphenate.xml; M: /trunk/xsl/params/crop.mark.bleed.xml; M: /trunk/xsl/params/use.id.as.filename.xml; M: /trunk/xsl/params/section.title.level6.properties.xml; M: /trunk/xsl/params/man.th.extra2.suppress.xml; M: /trunk/xsl/params/highlight.default.language.xml; M: /trunk/xsl/params/id.warnings.xml; M: /trunk/xsl/params/title.margin.left.xml; M: /trunk/xsl/params/chunker.output.doctype-system.xml; M: /trunk/xsl/params/man.indent.verbatims.xml; M: /trunk/xsl/params/table.frame.border.thickness.xml; M: /trunk/xsl/params/monospace.verbatim.properties.xml; A: /trunk/xsl/params/toc.pointer.text.xml; M: /trunk/xsl/params/formal.title.properties.xml; M: /trunk/xsl/params/margin.note.width.xml; M: /trunk/xsl/params/man.hyphenate.filenames.xml; M: /trunk/xsl/params/blockquote.properties.xml; M: /trunk/xsl/params/callout.defaultcolumn.xml; A: /trunk/xsl/params/banner.before.navigation.xml; M: /trunk/xsl/params/profile.security.xml; M: /trunk/xsl/params/formal.title.placement.xml; M: /trunk/xsl/params/informal.object.properties.xml; M: /trunk/xsl/params/bibliography.style.xml; A: /trunk/xsl/params/multiframe.navigation.height.xml; A: /trunk/xsl/params/minus.image.xml; M: /trunk/xsl/params/draft.watermark.image.xml; M: /trunk/xsl/params/chunk.append.xml; M: /trunk/xsl/params/equation.properties.xml; M: /trunk/xsl/params/body.font.family.xml; A: /trunk/xsl/params/body.attributes.xml; M: /trunk/xsl/params/ignore.image.scaling.xml; A: /trunk/xsl/params/autolayout-file.xml; M: /trunk/xsl/params/chunk.first.sections.xml; M: /trunk/xsl/params/base.dir.xml; M: /trunk/xsl/params/footnote.properties.xml; M: /trunk/xsl/params/olink.outline.ext.xml; A: /trunk/xsl/params/foilgroup.toc.xml; A: /trunk/xsl/params/navbgcolor.xml; M: /trunk/xsl/params/img.src.path.xml; A: /trunk/xsl/params/multiframe.bottom.bgcolor.xml; M: /trunk/xsl/params/qanda.title.properties.xml; M: /trunk/xsl/params/ebnf.statement.terminator.xml; M: /trunk/xsl/params/callouts.extension.xml; M: /trunk/xsl/params/manifest.in.base.dir.xml; A: /trunk/xsl/params/body.bg.color.xml; A: /trunk/xsl/params/toc.row.height.xml; M: /trunk/xsl/params/fop1.extensions.xml; M: /trunk/xsl/params/olink.sysid.xml; M: /trunk/xsl/params/monospace.font.family.xml; M: /trunk/xsl/params/l10n.gentext.language.xml; M: /trunk/xsl/params/section.title.level4.properties.xml; M: /trunk/xsl/params/graphic.default.extension.xml; A: /trunk/xsl/params/no.toc.image.xml; M: /trunk/xsl/params/default.image.width.xml; A: /trunk/xsl/params/xbDOM.js.xml; M: /trunk/xsl/params/htmlhelp.button.refresh.xml; M: /trunk/xsl/params/chunker.output.cdata-section-elements.xml; M: /trunk/xsl/params/admon.graphics.path.xml; M: /trunk/xsl/params/profile.revision.xml; M: /trunk/xsl/params/admon.style.xml; A: /trunk/xsl/params/active.toc.xml; M: /trunk/xsl/params/generate.manifest.xml; M: /trunk/xsl/params/html.longdesc.xml; M: /trunk/xsl/params/footer.rule.xml; M: /trunk/xsl/params/eclipse.plugin.provider.xml; M: /trunk/xsl/params/refentry.source.name.profile.xml; M: /trunk/xsl/params/toc.max.depth.xml; M: /trunk/xsl/params/chunker.output.indent.xml; M: /trunk/xsl/params/toc.list.type.xml; M: /trunk/xsl/params/html.head.legalnotice.link.multiple.xml; M: /trunk/xsl/params/profile.status.xml; M: /trunk/xsl/params/table.properties.xml; M: /trunk/xsl/params/link.mailto.url.xml; M: /trunk/xsl/params/side.float.properties.xml; M: /trunk/xsl/params/man.charmap.use.subset.xml; M: /trunk/xsl/params/annotation.graphic.open.xml; M: /trunk/xsl/params/html.cellspacing.xml; M: /trunk/xsl/params/default.table.width.xml; M: /trunk/xsl/params/xep.extensions.xml; M: /trunk/xsl/params/toc.margin.properties.xml; M: /trunk/xsl/params/admonition.properties.xml; M: /trunk/xsl/params/chunk.toc.xml; M: /trunk/xsl/params/table.entry.padding.xml; M: /trunk/xsl/params/header.rule.xml; M: /trunk/xsl/params/variablelist.as.blocks.xml; M: /trunk/xsl/params/man.hyphenate.xml; M: /trunk/xsl/params/glossentry.show.acronym.xml; M: /trunk/xsl/params/refentry.source.name.profile.enabled.xml; M: /trunk/xsl/params/section.label.includes.component.label.xml; A: /trunk/xsl/params/nav.table.summary.xml; M: /trunk/xsl/params/bridgehead.in.toc.xml; M: /trunk/xsl/params/man.output.lang.in.name.enabled.xml; M: /trunk/xsl/params/section.title.level2.properties.xml; A: /trunk/xsl/params/no.prev.image.xml; M: /trunk/xsl/params/inherit.keywords.xml; M: /trunk/xsl/params/admon.graphics.extension.xml; M: /trunk/xsl/params/pixels.per.inch.xml; M: /trunk/xsl/params/insert.xref.page.number.xml; M: /trunk/xsl/params/refentry.pagebreak.xml; M: /trunk/xsl/params/profile.lang.xml; M: /trunk/xsl/params/generate.meta.abstract.xml; M: /trunk/xsl/params/insert.olink.page.number.xml; A: /trunk/xsl/params/toc.spacer.image.xml; M: /trunk/xsl/params/graphicsize.extension.xml; M: /trunk/xsl/params/man.indent.lists.xml; M: /trunk/xsl/params/funcsynopsis.decoration.xml; M: /trunk/xsl/params/runinhead.title.end.punct.xml; M: /trunk/xsl/params/man.string.subst.map.xml; M: /trunk/xsl/params/section.autolabel.max.depth.xml; M: /trunk/xsl/params/htmlhelp.show.advanced.search.xml; A: /trunk/xsl/params/up.image.xml; M: /trunk/xsl/params/l10n.gentext.use.xref.language.xml; M: /trunk/xsl/params/htmlhelp.map.file.xml; M: /trunk/xsl/params/body.font.size.xml; M: /trunk/xsl/params/html.stylesheet.type.xml; M: /trunk/xsl/params/refentry.xref.manvolnum.xml; A: /trunk/xsl/params/xbCollapsibleLists.js.xml; M: /trunk/xsl/params/runinhead.default.title.end.punct.xml; M: /trunk/xsl/params/navig.graphics.extension.xml; A: /trunk/xsl/params/foil.subtitle.properties.xml; M: /trunk/xsl/params/itemizedlist.label.properties.xml; M: /trunk/xsl/params/htmlhelp.force.map.and.alias.xml; M: /trunk/xsl/params/profile.os.xml; A: /trunk/xsl/params/keyboard.nav.xml; M: /trunk/xsl/params/htmlhelp.alias.file.xml; A: /trunk/xsl/params/no.home.image.xml; M: /trunk/xsl/params/page.margin.outer.xml; M: /trunk/xsl/params/annotation.graphic.close.xml; M: /trunk/xsl/params/eclipse.autolabel.xml; M: /trunk/xsl/params/table.frame.border.style.xml; M: /trunk/xsl/params/navig.graphics.path.xml; M: /trunk/xsl/params/htmlhelp.hhc.binary.xml; M: /trunk/xsl/params/index.on.type.xml; M: /trunk/xsl/params/target.database.document.xml; M: /trunk/xsl/params/man.subheading.divider.xml; A: /trunk/xsl/params/bullet.image.xml; M: /trunk/xsl/params/header.table.properties.xml; A: /trunk/xsl/params/feedback.with.ids.xml; M: /trunk/xsl/params/chunker.output.method.xml; M: /trunk/xsl/params/make.index.markup.xml; M: /trunk/xsl/params/olink.base.uri.xml; M: /trunk/xsl/params/man.indent.refsect.xml; M: /trunk/xsl/params/phrase.propagates.style.xml; M: /trunk/xsl/params/example.properties.xml; M: /trunk/xsl/params/man.font.table.headings.xml; M: /trunk/xsl/params/profile.revisionflag.xml; M: /trunk/xsl/params/region.after.extent.xml; M: /trunk/xsl/params/qanda.title.level5.properties.xml; A: /trunk/xsl/params/navtocwidth.xml; M: /trunk/xsl/params/marker.section.level.xml; M: /trunk/xsl/params/footer.table.height.xml; M: /trunk/xsl/params/autotoc.label.separator.xml; M: /trunk/xsl/params/footer.column.widths.xml; M: /trunk/xsl/params/hyphenate.verbatim.xml; M: /trunk/xsl/params/xref.properties.xml; M: /trunk/xsl/params/man.output.base.dir.xml; M: /trunk/xsl/params/insert.link.page.number.xml; M: /trunk/xsl/params/l10n.lang.value.rfc.compliant.xml; M: /trunk/xsl/params/htmlhelp.button.jump2.title.xml - Michael(tm) Smith</alt></phrase></literallayout>
</listitem>
<listitem>
<literallayout><phrase role="commit-message">Fixed typo in param file.<alt>M: /trunk/xsl/params/man.string.subst.map.xml - Michael(tm) Smith</alt></phrase></literallayout>
</listitem>
<listitem>
<literallayout><phrase role="commit-message">Added support for formatting biblioentries according to ISO690 <tag>citation</tag> style.
New <tag>bibliography</tag> style can be turned on by setting parameter <parameter>bibliography.style</parameter> to "iso690"
The code was provided by Jana Dvorakova<alt>A: /trunk/xsl/params/bibliography.style.xml - Jirka Kosek</alt></phrase></literallayout>
</listitem>
<listitem>
<literallayout><phrase role="commit-message">Support adding <tag>table</tag> properties to header and footer tables.<alt>A: /trunk/xsl/params/header.table.properties.xml; A: /trunk/xsl/params/footer.table.properties.xml - Robert Stayton</alt></phrase></literallayout>
</listitem>
<listitem>
<literallayout><phrase role="commit-message">Put custom "substitution" element in params/man.string.subst.map.xml into a namespace.<alt>M: /trunk/xsl/params/man.string.subst.map.xml - Michael(tm) Smith</alt></phrase></literallayout>
</listitem>
<listitem>
<literallayout><phrase role="commit-message">Removed stray text that was causing WF error.<alt>M: /trunk/xsl/params/editedby.enabled.xml - Michael(tm) Smith</alt></phrase></literallayout>
</listitem>
<listitem>
<literallayout><phrase role="commit-message">Made a number of changes related to elements with
out-of-line content:

- Added handling for <tag>mediaobject</tag> &amp; inlinemedidaobject.
  Each <tag>imagedata</tag>, <tag>audiodata</tag>, or <tag>videodata</tag> element
  within a <tag>mediaobject</tag> or inline <tag>mediaobject</tag> is now
  treated as a "notesource" and so handled in much the
  same way as links and <tag>annotation</tag>/<tag>alt</tag>/footnotes.

  That means a numbered marker is generated inline to
  mark the place in the main flow where the <tag>imagedata</tag>,
  <tag>audiodata</tag>, or <tag>videodata</tag> element occurs, and a
  corresponding numbered endnote for it is generated in
  the endnotes list at the end of the man page; the
  endnote contains the URL from the fileref attribute
  of the <tag>imagedata</tag>, <tag>audiodata</tag>, or <tag>videodata</tag> element.

  For mediobject and <tag>inlinemediaobject</tag> instances that
  have a <tag>textobject</tag> child, the <tag>textobject</tag> is displayed
  within the main text flow.

- Renamed several man.link.* params to man.endnotes.*,
  to reflect that fact that the endnotes list now
  contains more than just links. Also did similar
  renaming for a number of stylesheet-internal vars.

- Added support for xlink:href (along with existing
  support for the legacy ulink element).

- Cleaned up and streamlined the endnotes-handling
  code. It's still messy and klunky and the basic
  mechanism it uses is very inefficent for documents
  that contain a lot of notesources, but at least it's
  a bit better than it was.<alt>M: /trunk/xsl/params/man.links.are.underlined.xml; A: /trunk/xsl/params/man.endnotes.list.enabled.xml; D: /trunk/xsl/params/man.links.list.enabled.xml; A: /trunk/xsl/params/man.endnotes.are.numbered.xml; D: /trunk/xsl/params/man.links.are.numbered.xml; A: /trunk/xsl/params/man.endnotes.list.heading.xml; D: /trunk/xsl/params/man.links.list.heading.xml - Michael(tm) Smith</alt></phrase></literallayout>
</listitem>
<listitem>
<literallayout><phrase role="commit-message">Moved the end-indent properties from toc.line to the
toc.line.properties attribute-set.<alt>M: /trunk/xsl/params/toc.line.properties.xml - Robert Stayton</alt></phrase></literallayout>
</listitem>
<listitem>
<literallayout><phrase role="commit-message">Fixed case of class attribute in sgmltag element.<alt>M: /trunk/xsl/params/xep.index.item.properties.xml - Robert Stayton</alt></phrase></literallayout>
</listitem>
</itemizedlist>
</sect2><!--end of Params changes for snapshot_6795-->

<sect2 xml:id="Vsnapshot_6795_Profiling">
<title>Profiling</title>
<para>The following changes have been made to the
            <filename>profiling</filename> code
            since the 1.72.0 release.</para>
<itemizedlist>
<listitem>
<literallayout><phrase role="commit-message">Add support for new profiling attributes audience and wordsize.<alt>M: /trunk/xsl/profiling/profile-mode.xsl - Robert Stayton</alt></phrase></literallayout>
</listitem>
<listitem>
<literallayout><phrase role="commit-message">Add new profiling attributes audience and wordsize.<alt>M: /trunk/xsl/profiling/profile.xsl - Robert Stayton</alt></phrase></literallayout>
</listitem>
</itemizedlist>
</sect2><!--end of Profiling changes for snapshot_6795-->

<sect2 xml:id="Vsnapshot_6795_Tools">
<title>Tools</title>
<para>The following changes have been made to the
            <filename>tools</filename> code
            since the 1.72.0 release.</para>
<itemizedlist>
<listitem>
<literallayout><phrase role="commit-message">Updated Makefile.docParam to handle current db5-namespaced param
source. Also added support for it to copy xsl:attribute-set along
with xsl:param (neglected to have it doing that previously...)
Note that the Makefile.docParam makefile generates copies of the
html/param.xsl, fo/param.xsl, etc. files with the documentation
embedded. It was originally intended for use with oXygen XML
<tag>Editor</tag> (because oXygen has the capability to parse out that
embedded doc and display it in the oXygen UI) but could be useful
for other purposes.<alt>M: /trunk/xsl/tools/make/Makefile.docParam - Michael(tm) Smith</alt></phrase></literallayout>
</listitem>
<listitem>
<literallayout><phrase role="commit-message">Made changes to cause build of separate
slides/fo/param.xsl and slides/html/param.xsl files,
and updated doc build to handle that split. Also
updated build of ChangeLog.xml, NEWS file and
RELEASE-NOTES.{html,txt,pdf} builds to include slides
and website changes.
Closes bug #1671745. Thanks to Justus Piater.<alt>M: /trunk/xsl/tools/xsl/build/xsl-param-link.xsl; M: /trunk/xsl/tools/xsl/build/make-xsl-params.xsl - Michael(tm) Smith</alt></phrase></literallayout>
</listitem>
<listitem>
<literallayout><phrase role="commit-message">Made some minor updates to param docs and comments in
manpages stylesheet. Also, removed some params for
manpages doc that are already doc'ed as HTML params.<alt>M: /trunk/xsl/tools/make/Makefile.combine - Michael(tm) Smith</alt></phrase></literallayout>
</listitem>
<listitem>
<literallayout><phrase role="commit-message">Port from docs-in-db5 branch of all DocBook5-formatted
params and all associated build changes needed for
building the param.xsl files and docs from them.<alt>A: /trunk/xsl/tools/xsl/build/fix-params-ns.xsl; A: /trunk/xsl/tools/xsl/build/burst.xsl; A: /trunk/xsl/tools/xsl/build/entify.xsl; M: /trunk/xsl/tools/xsl/build/docparam2txt.xsl - Michael(tm) Smith</alt></phrase></literallayout>
</listitem>
<listitem>
<literallayout><phrase role="commit-message">Make docbook-xsl-update check for VERSION file instead of for
install.sh file.<alt>M: /trunk/xsl/tools/bin/docbook-xsl-update - Michael(tm) Smith</alt></phrase></literallayout>
</listitem>
<listitem>
<literallayout><phrase role="commit-message">Corrected typo in docbook-xsl-update script.<alt>M: /trunk/xsl/tools/bin/docbook-xsl-update - Michael(tm) Smith</alt></phrase></literallayout>
</listitem>
<listitem>
<literallayout><phrase role="commit-message">Did some cleanup to the install.sh source and added a
docbook-xsl-update script to the docbook-xsl distro, the purpose
of which is to facilitate easy sync-up to the latest docbook-xsl
snapshot (by means of rynsc).<alt>A: /trunk/xsl/tools/bin; A: /trunk/xsl/tools/bin/docbook-xsl-update - Michael(tm) Smith</alt></phrase></literallayout>
</listitem>
</itemizedlist>
</sect2><!--end of Tools changes for snapshot_6795-->

</sect1>
</article>
