<refentry xmlns="http://docbook.org/ns/docbook"
          xmlns:xlink="http://www.w3.org/1999/xlink"
          xmlns:xi="http://www.w3.org/2001/XInclude"
          xmlns:src="http://nwalsh.com/xmlns/litprog/fragment"
          xmlns:xsl="http://www.w3.org/1999/XSL/Transform"
          version="5.0" xml:id="annotation.graphic.close">
<refmeta>
<refentrytitle>annotation.graphic.close</refentrytitle>
<refmiscinfo class="other" otherclass="datatype">boolean</refmiscinfo>
</refmeta>
<refnamediv>
<refname>annotation.graphic.close</refname>
<refpurpose>Enable annotations?</refpurpose>
</refnamediv>

<refsynopsisdiv>
<src:fragment xml:id="annotation.graphic.close.frag">
<xsl:param name="annotation.graphic.close" select="'http://docbook.sourceforge.net/release/images/annot-close.png'"/>
</src:fragment>
</refsynopsisdiv>

<refsection><info><title>Description</title></info>

<para>This image is used on popup annotations as the “x” that the
user can click to dismiss the popup.</para>

</refsection>
</refentry>
