<refentry xmlns="http://docbook.org/ns/docbook"
          xmlns:xlink="http://www.w3.org/1999/xlink"
          xmlns:xi="http://www.w3.org/2001/XInclude"
          xmlns:src="http://nwalsh.com/xmlns/litprog/fragment"
          xmlns:xsl="http://www.w3.org/1999/XSL/Transform"
          version="5.0" xml:id="callout.graphics">
<refmeta>
<refentrytitle>callout.graphics</refentrytitle>
<refmiscinfo class="other" otherclass="datatype">boolean</refmiscinfo>
</refmeta>
<refnamediv>
<refname>callout.graphics</refname>
<refpurpose>Use graphics for callouts?</refpurpose>
</refnamediv>

<refsynopsisdiv>
<src:fragment xml:id="callout.graphics.frag">
<xsl:param name="callout.graphics" select="'1'"/>
</src:fragment>
</refsynopsisdiv>

<refsection><info><title>Description</title></info>

<para>If non-zero, callouts are presented with graphics (e.g., reverse-video
circled numbers instead of "(1)", "(2)", etc.).
Default graphics are provided in the distribution.
</para>

</refsection>
</refentry>
