<refentry xmlns="http://docbook.org/ns/docbook"
          xmlns:xlink="http://www.w3.org/1999/xlink"
          xmlns:xi="http://www.w3.org/2001/XInclude"
          xmlns:src="http://nwalsh.com/xmlns/litprog/fragment"
          xmlns:xsl="http://www.w3.org/1999/XSL/Transform"
          version="5.0" xml:id="callout.unicode.number.limit">
<refmeta>
<refentrytitle>callout.unicode.number.limit</refentrytitle>
<refmiscinfo class="other" otherclass="datatype">integer</refmiscinfo>
</refmeta>
<refnamediv>
<refname>callout.unicode.number.limit</refname>
<refpurpose>Number of the largest callout graphic</refpurpose>
</refnamediv>

<refsynopsisdiv>
<src:fragment xml:id="callout.unicode.number.limit.frag"><xsl:param name="callout.unicode.number.limit" select="'10'"/></src:fragment>
</refsynopsisdiv>

<refsection><info><title>Description</title></info>

<para>If <parameter>callout.unicode</parameter>
is non-zero, unicode characters are used to represent
callout numbers. The value of
<parameter>callout.unicode.number.limit</parameter>
is
the largest number for which a unicode character exists. If the callout number
exceeds this limit, the default presentation "(nnn)" will always
be used.
</para>

</refsection>
</refentry>
