<refentry xmlns="http://docbook.org/ns/docbook"
          xmlns:xlink="http://www.w3.org/1999/xlink"
          xmlns:xi="http://www.w3.org/2001/XInclude"
          xmlns:src="http://nwalsh.com/xmlns/litprog/fragment"
          xmlns:xsl="http://www.w3.org/1999/XSL/Transform"
          version="5.0" xml:id="chunk.toc">
<refmeta>
<refentrytitle>chunk.toc</refentrytitle>
<refmiscinfo class="other" otherclass="datatype">string</refmiscinfo>
</refmeta>
<refnamediv>
<refname>chunk.toc</refname>
<refpurpose>An explicit TOC to be used for chunking</refpurpose>
</refnamediv>

<refsynopsisdiv>
<src:fragment xml:id="chunk.toc.frag">
<xsl:param name="chunk.toc" select="''"/>
</src:fragment>
</refsynopsisdiv>

<refsection><info><title>Description</title></info>

<para>The <parameter>chunk.toc</parameter> identifies an explicit TOC that
will be used for chunking. This parameter is only used by the
<filename>chunktoc.xsl</filename> stylesheet (and customization layers built
from it).</para>

</refsection>
</refentry>
