<refentry xmlns="http://docbook.org/ns/docbook"
          xmlns:xlink="http://www.w3.org/1999/xlink"
          xmlns:xi="http://www.w3.org/2001/XInclude"
          xmlns:src="http://nwalsh.com/xmlns/litprog/fragment"
          xmlns:xsl="http://www.w3.org/1999/XSL/Transform"
          version="5.0" xml:id="chunker.output.media-type">
<refmeta>
<refentrytitle>chunker.output.media-type</refentrytitle>
<refmiscinfo class="other" otherclass="datatype">string</refmiscinfo>
</refmeta>
<refnamediv>
<refname>chunker.output.media-type</refname>
<refpurpose>Media type to use in generated pages</refpurpose>
</refnamediv>

<refsynopsisdiv>&lt;xsl:param name="chunker.output.media-type" select="''"/&gt;
</refsynopsisdiv>

<refsection><info><title>Description</title></info>

<para>This parameter specifies the media type that should be used by
the chunking stylesheet. Not all processors support specification of
this parameter.
</para>

<note>
<para>This parameter is documented here, but the declaration is actually
in the <filename>chunker.xsl</filename> stylesheet module.</para>
</note>

</refsection>
</refentry>
