<refentry xmlns="http://docbook.org/ns/docbook"
          xmlns:xlink="http://www.w3.org/1999/xlink"
          xmlns:xi="http://www.w3.org/2001/XInclude"
          xmlns:src="http://nwalsh.com/xmlns/litprog/fragment"
          xmlns:xsl="http://www.w3.org/1999/XSL/Transform"
          version="5.0" xml:id="funcsynopsis.tabular.threshold">
<refmeta>
<refentrytitle>funcsynopsis.tabular.threshold</refentrytitle>
<refmiscinfo class="other" otherclass="datatype">integer</refmiscinfo>
</refmeta>
<refnamediv>
<refname>funcsynopsis.tabular.threshold</refname>
<refpurpose>Width beyond which a tabular presentation will be used</refpurpose>
</refnamediv>

<refsynopsisdiv>
<src:fragment xml:id="funcsynopsis.tabular.threshold.frag">
<xsl:param name="funcsynopsis.tabular.threshold" select="40"/>
</src:fragment>
</refsynopsisdiv>

<refsection><info><title>Description</title></info>

<para>If <parameter>funcsynopsis.tabular.threshold</parameter> is greater than
zero then if a <tag>funcprototype</tag> is wider than the threshold
value, it will be presented in a table.</para>

</refsection>
</refentry>
