<refentry xmlns="http://docbook.org/ns/docbook"
          xmlns:xlink="http://www.w3.org/1999/xlink"
          xmlns:xi="http://www.w3.org/2001/XInclude"
          xmlns:src="http://nwalsh.com/xmlns/litprog/fragment"
          xmlns:xsl="http://www.w3.org/1999/XSL/Transform"
          version="5.0" xml:id="htmlhelp.enhanced.decompilation">
<refmeta>
<refentrytitle>htmlhelp.enhanced.decompilation</refentrytitle>
<refmiscinfo class="other" otherclass="datatype">boolean</refmiscinfo>
</refmeta>
<refnamediv>
<refname>htmlhelp.enhanced.decompilation</refname>
<refpurpose>Allow enhanced decompilation of CHM?</refpurpose>
</refnamediv>

<refsynopsisdiv>
<src:fragment xml:id="htmlhelp.enhanced.decompilation.frag">
<xsl:param name="htmlhelp.enhanced.decompilation" select="0"/>
</src:fragment>
</refsynopsisdiv>

<refsection><info><title>Description</title></info>

<para>When set to 1 this parameter enables enhanced decompilation of CHM.</para>

</refsection>
</refentry>
