<refentry xmlns="http://docbook.org/ns/docbook"
          xmlns:xlink="http://www.w3.org/1999/xlink"
          xmlns:xi="http://www.w3.org/2001/XInclude"
          xmlns:src="http://nwalsh.com/xmlns/litprog/fragment"
          xmlns:xsl="http://www.w3.org/1999/XSL/Transform"
          version="5.0" xml:id="htmlhelp.show.toolbar.text">
<refmeta>
<refentrytitle>htmlhelp.show.toolbar.text</refentrytitle>
<refmiscinfo class="other" otherclass="datatype">boolean</refmiscinfo>
</refmeta>
<refnamediv>
<refname>htmlhelp.show.toolbar.text</refname>
<refpurpose>Show text under toolbar buttons?</refpurpose>
</refnamediv>

<refsynopsisdiv>
<src:fragment xml:id="htmlhelp.show.toolbar.text.frag">
<xsl:param name="htmlhelp.show.toolbar.text" select="1"/>
</src:fragment>
</refsynopsisdiv>

<refsection><info><title>Description</title></info>

<para>You can switch off display of texts under toolbar buttons by
setting this parameter to 0.</para>

</refsection>
</refentry>
