<refentry xmlns="http://docbook.org/ns/docbook"
          xmlns:xlink="http://www.w3.org/1999/xlink"
          xmlns:xi="http://www.w3.org/2001/XInclude"
          xmlns:src="http://nwalsh.com/xmlns/litprog/fragment"
          xmlns:xsl="http://www.w3.org/1999/XSL/Transform"
          version="5.0" xml:id="htmlhelp.only">
<refmeta>
<refentrytitle>htmlhelp.only</refentrytitle>
<refmiscinfo class="other" otherclass="datatype">boolean</refmiscinfo>
</refmeta>
<refnamediv>
<refname>htmlhelp.only</refname>
<refpurpose>Should be only project files generated?</refpurpose>
</refnamediv>

<refsynopsisdiv>
<src:fragment xml:id="htmlhelp.only.frag">
<xsl:param name="htmlhelp.only" select="0"/>
</src:fragment>
</refsynopsisdiv>

<refsection><info><title>Description</title></info>

<para>If you want to play with various HTML Help parameters and you
don't need to regenerate all HTML files, you can set this parameter to
1. This setting will not process whole document, only project files
(hhp, hhc, hhk,...) will be generated.</para>

</refsection>
</refentry>
