<refentry xmlns="http://docbook.org/ns/docbook"
          xmlns:xlink="http://www.w3.org/1999/xlink"
          xmlns:xi="http://www.w3.org/2001/XInclude"
          xmlns:src="http://nwalsh.com/xmlns/litprog/fragment"
          xmlns:xsl="http://www.w3.org/1999/XSL/Transform"
          version="5.0" xml:id="id.warnings">
<refmeta>
<refentrytitle>id.warnings</refentrytitle>
<refmiscinfo class="other" otherclass="datatype">boolean</refmiscinfo>
</refmeta>
<refnamediv>
<refname>id.warnings</refname>
<refpurpose>Should warnings be generated for titled elements without IDs?</refpurpose>
</refnamediv>

<refsynopsisdiv>
<src:fragment xml:id="id.warnings.frag">
<xsl:param name="id.warnings" select="0"/>
</src:fragment>
</refsynopsisdiv>

<refsection><info><title>Description</title></info>

<para>If non-zero, the stylesheet will issue a warning for
any element (other than the root element) which
has a title but does not have an ID.</para>

</refsection>
</refentry>
