<refentry xmlns="http://docbook.org/ns/docbook"
          xmlns:xlink="http://www.w3.org/1999/xlink"
          xmlns:xi="http://www.w3.org/2001/XInclude"
          xmlns:src="http://nwalsh.com/xmlns/litprog/fragment"
          xmlns:xsl="http://www.w3.org/1999/XSL/Transform"
          version="5.0" xml:id="menuchoice.menu.separator">
<refmeta>
<refentrytitle>menuchoice.menu.separator</refentrytitle>
<refmiscinfo class="other" otherclass="datatype"/>
</refmeta>
<refnamediv>
<refname>menuchoice.menu.separator</refname>
<refpurpose>Separator between items of a <tag>menuchoice</tag>
with <tag>guimenuitem</tag> or
<tag>guisubmenu</tag></refpurpose>
</refnamediv>

<refsynopsisdiv>
<src:fragment xml:id="menuchoice.menu.separator.frag">
<xsl:param name="menuchoice.menu.separator"> → </xsl:param>
</src:fragment>
</refsynopsisdiv>

<refsection><info><title>Description</title></info>

<para>Separator used to connect items of a <tag>menuchoice</tag> with
<tag>guimenuitem</tag> or <tag>guisubmenu</tag>. Other elements
are linked with <parameter>menuchoice.separator</parameter>.
</para>
<para>The default value is &amp;#x2192;, which is the
&amp;rarr; (right arrow) character entity.  
The current FOP (0.20.5) requires setting the font-family
explicitly.
</para>
<para>The default value also includes spaces around the arrow,
which will allow a line to break.  Replace the spaces with
&amp;#xA0; (nonbreaking space) if you don't want those
spaces to break.
</para>

</refsection>
</refentry>
