<refentry xmlns="http://docbook.org/ns/docbook"
          xmlns:xlink="http://www.w3.org/1999/xlink"
          xmlns:xi="http://www.w3.org/2001/XInclude"
          xmlns:src="http://nwalsh.com/xmlns/litprog/fragment"
          xmlns:xsl="http://www.w3.org/1999/XSL/Transform"
          version="5.0" xml:id="navig.graphics.extension">
<refmeta>
<refentrytitle>navig.graphics.extension</refentrytitle>
<refmiscinfo class="other" otherclass="datatype">string</refmiscinfo>
</refmeta>
<refnamediv>
<refname>navig.graphics.extension</refname>
<refpurpose>Extension for navigational graphics</refpurpose>
</refnamediv>

<refsynopsisdiv>
<src:fragment xml:id="navig.graphics.extension.frag"><xsl:param name="navig.graphics.extension" select="'.gif'"/></src:fragment>
</refsynopsisdiv>

<refsection><info><title>Description</title></info>

<para>Sets the filename extension to use on navigational graphics used
in the headers and footers of chunked HTML.</para>

</refsection>
</refentry>
