<refentry xmlns="http://docbook.org/ns/docbook"
          xmlns:xlink="http://www.w3.org/1999/xlink"
          xmlns:xi="http://www.w3.org/2001/XInclude"
          xmlns:src="http://nwalsh.com/xmlns/litprog/fragment"
          xmlns:xsl="http://www.w3.org/1999/XSL/Transform"
          version="5.0" xml:id="olink.sysid">
<refmeta>
<refentrytitle>olink.sysid</refentrytitle>
<refmiscinfo class="other" otherclass="datatype">string</refmiscinfo>
</refmeta>
<refnamediv>
<refname>olink.sysid</refname>
<refpurpose>Names the system identifier portion of an OLink resolver query</refpurpose>
</refnamediv>

<refsynopsisdiv>
<src:fragment xml:id="olink.sysid.frag"><xsl:param name="olink.sysid" select="'sysid='"/></src:fragment>
</refsynopsisdiv>

<refsection><info><title>Description</title></info>

<para>FIXME:</para>

</refsection>
</refentry>
