<refentry xmlns="http://docbook.org/ns/docbook"
          xmlns:xlink="http://www.w3.org/1999/xlink"
          xmlns:xi="http://www.w3.org/2001/XInclude"
          xmlns:src="http://nwalsh.com/xmlns/litprog/fragment"
          xmlns:xsl="http://www.w3.org/1999/XSL/Transform"
          version="5.0" xml:id="phrase.propagates.style">
<refmeta>
<refentrytitle>phrase.propagates.style</refentrytitle>
<refmiscinfo class="other" otherclass="datatype">boolean</refmiscinfo>
</refmeta>
<refnamediv>
<refname>phrase.propagates.style</refname>
<refpurpose>Pass phrase role attribute through to HTML?</refpurpose>
</refnamediv>

<refsynopsisdiv>
<src:fragment xml:id="phrase.propagates.style.frag"><xsl:param name="phrase.propagates.style" select="1"/></src:fragment>
</refsynopsisdiv>

<refsection><info><title>Description</title></info>

<para>If true, the role attribute of <tag>phrase</tag> elements
will be passed through to the HTML as a class attribute on a
<tag>span</tag> that surrounds the phrase.</para>

</refsection>
</refentry>
