<refentry xmlns="http://docbook.org/ns/docbook"
          xmlns:xlink="http://www.w3.org/1999/xlink"
          xmlns:xi="http://www.w3.org/2001/XInclude"
          xmlns:src="http://nwalsh.com/xmlns/litprog/fragment"
          xmlns:xsl="http://www.w3.org/1999/XSL/Transform"
          version="5.0" xml:id="profile.attribute">
<refmeta>
<refentrytitle>profile.attribute</refentrytitle>
<refmiscinfo class="other" otherclass="datatype">string</refmiscinfo>
</refmeta>
<refnamediv>
<refname>profile.attribute</refname>
<refpurpose>Name of user-specified profiling attribute</refpurpose>
</refnamediv>

<refsynopsisdiv>
<src:fragment xml:id="profile.attribute.frag">
<xsl:param name="profile.attribute" select="''"/>
</src:fragment>
</refsynopsisdiv>

<refsection><info><title>Description</title></info>

<para>This parameter is used in conjuction with
<parameter>profile.value</parameter>.</para>

<para>This parameter has effect only when you are using profiling
stylesheets (<filename>profile-docbook.xsl</filename>,
<filename>profile-chunk.xsl</filename>, …) instead of normal
ones (<filename>docbook.xsl</filename>,
<filename>chunk.xsl</filename>, …).</para>

</refsection>
</refentry>
