<refentry xmlns="http://docbook.org/ns/docbook"
          xmlns:xlink="http://www.w3.org/1999/xlink"
          xmlns:xi="http://www.w3.org/2001/XInclude"
          xmlns:src="http://nwalsh.com/xmlns/litprog/fragment"
          xmlns:xsl="http://www.w3.org/1999/XSL/Transform"
          version="5.0" xml:id="qanda.defaultlabel">
<refmeta>
<refentrytitle>qanda.defaultlabel</refentrytitle>
<refmiscinfo class="other" otherclass="datatype">boolean</refmiscinfo>
</refmeta>
<refnamediv>
<refname>qanda.defaultlabel</refname>
<refpurpose>Sets the default for defaultlabel on QandASet.</refpurpose>
</refnamediv>

<refsynopsisdiv>
<src:fragment xml:id="qanda.defaultlabel.frag"><xsl:param name="qanda.defaultlabel">number</xsl:param></src:fragment>
</refsynopsisdiv>

<refsection><info><title>Description</title></info>

<para>If no defaultlabel attribute is specified on a QandASet, this
value is used. It must be one of the legal values for the defaultlabel
attribute.
</para>

</refsection>
</refentry>
