<refentry xmlns="http://docbook.org/ns/docbook"
          xmlns:xlink="http://www.w3.org/1999/xlink"
          xmlns:xi="http://www.w3.org/2001/XInclude"
          xmlns:src="http://nwalsh.com/xmlns/litprog/fragment"
          xmlns:xsl="http://www.w3.org/1999/XSL/Transform"
          version="5.0" xml:id="qanda.inherit.numeration">
<refmeta>
<refentrytitle>qanda.inherit.numeration</refentrytitle>
<refmiscinfo class="other" otherclass="datatype">boolean</refmiscinfo>
</refmeta>
<refnamediv>
<refname>qanda.inherit.numeration</refname>
<refpurpose>Does enumeration of QandASet components inherit the numeration of parent elements?</refpurpose>
</refnamediv>

<refsynopsisdiv>
<src:fragment xml:id="qanda.inherit.numeration.frag"><xsl:param name="qanda.inherit.numeration" select="1"/></src:fragment>
</refsynopsisdiv>

<refsection><info><title>Description</title></info>

<para>If true (non-zero), numbered QandADiv elements and Questions and Answers inherit
the numeration of the ancestors of the QandASet.
</para>

</refsection>
</refentry>
