<refentry xmlns="http://docbook.org/ns/docbook"
          xmlns:xlink="http://www.w3.org/1999/xlink"
          xmlns:xi="http://www.w3.org/2001/XInclude"
          xmlns:src="http://nwalsh.com/xmlns/litprog/fragment"
          xmlns:xsl="http://www.w3.org/1999/XSL/Transform"
          version="5.0" xml:id="refentry.separator">
<refmeta>
<refentrytitle>refentry.separator</refentrytitle>
<refmiscinfo class="other" otherclass="datatype">boolean</refmiscinfo>
</refmeta>
<refnamediv>
<refname>refentry.separator</refname>
<refpurpose>Generate a separator between consecutive RefEntry elements?</refpurpose>
</refnamediv>

<refsynopsisdiv>
<src:fragment xml:id="refentry.separator.frag"><xsl:param name="refentry.separator" select="'1'"/></src:fragment>
</refsynopsisdiv>

<refsection><info><title>Description</title></info>

<para>If true, a separator will be generated between consecutive
reference pages.
</para>

</refsection>
</refentry>
