<refentry xmlns="http://docbook.org/ns/docbook"
          xmlns:xlink="http://www.w3.org/1999/xlink"
          xmlns:xi="http://www.w3.org/2001/XInclude"
          xmlns:src="http://nwalsh.com/xmlns/litprog/fragment"
          xmlns:xsl="http://www.w3.org/1999/XSL/Transform"
          version="5.0" xml:id="saxon.character.representation">
<refmeta>
<refentrytitle>saxon.character.representation</refentrytitle>
<refmiscinfo class="other" otherclass="datatype">string</refmiscinfo>
</refmeta>
<refnamediv>
<refname>saxon.character.representation</refname>
<refpurpose>Saxon character representation used in generated HTML pages</refpurpose>
</refnamediv>

<refsynopsisdiv>&lt;xsl:param name="saxon.character.representation" select="'entity;decimal'"/&gt;
</refsynopsisdiv>

<refsection><info><title>Description</title></info>

<para>This character representation is used in files generated by chunking stylesheet. If
you want to suppress entity references for characters with direct representation 
in default.encoding, set this parameter to value <literal>native</literal>. 
</para>

<note>
<para>This parameter is documented here, but the declaration is actually
in the <filename>chunker.xsl</filename> stylesheet module.</para>
</note>

</refsection>
</refentry>
