<refentry xmlns="http://docbook.org/ns/docbook"
          xmlns:xlink="http://www.w3.org/1999/xlink"
          xmlns:xi="http://www.w3.org/2001/XInclude"
          xmlns:src="http://nwalsh.com/xmlns/litprog/fragment"
          xmlns:xsl="http://www.w3.org/1999/XSL/Transform"
          version="5.0" xml:id="section.label.includes.component.label">
<refmeta>
<refentrytitle>section.label.includes.component.label</refentrytitle>
<refmiscinfo class="other" otherclass="datatype">boolean</refmiscinfo>
</refmeta>
<refnamediv>
<refname>section.label.includes.component.label</refname>
<refpurpose>Do section labels include the component label?</refpurpose>
</refnamediv>

<refsynopsisdiv>
<src:fragment xml:id="section.label.includes.component.label.frag"><xsl:param name="section.label.includes.component.label" select="0"/></src:fragment>
</refsynopsisdiv>

<refsection><info><title>Description</title></info>

<para>If true (non-zero), section labels are prefixed with the label of the
component that contains them.
</para>

</refsection>
</refentry>
