<refentry xmlns="http://docbook.org/ns/docbook"
          xmlns:xlink="http://www.w3.org/1999/xlink"
          xmlns:xi="http://www.w3.org/2001/XInclude"
          xmlns:src="http://nwalsh.com/xmlns/litprog/fragment"
          xmlns:xsl="http://www.w3.org/1999/XSL/Transform"
          version="5.0" xml:id="shade.verbatim.style">
<refmeta>
<refentrytitle>shade.verbatim.style</refentrytitle>
<refmiscinfo class="other" otherclass="datatype"/>
</refmeta>
<refnamediv>
<refname>shade.verbatim.style</refname>
<refpurpose>Properties that specify the style of shaded verbatim listings</refpurpose>
</refnamediv>

<refsynopsisdiv>
<src:fragment xml:id="shade.verbatim.style.frag">
<xsl:attribute-set condition="html" name="shade.verbatim.style">
  <xsl:attribute name="border">0</xsl:attribute>
  <xsl:attribute name="bgcolor">#E0E0E0</xsl:attribute>
</xsl:attribute-set>
<xsl:attribute-set condition="fo" name="shade.verbatim.style">
  <xsl:attribute name="background-color">#E0E0E0</xsl:attribute>
</xsl:attribute-set>
</src:fragment>
</refsynopsisdiv>

<refsection><info><title>Description</title></info>

<para>FIXME:</para>

</refsection>
</refentry>
