<refentry xmlns="http://docbook.org/ns/docbook"
          xmlns:xlink="http://www.w3.org/1999/xlink"
          xmlns:xi="http://www.w3.org/2001/XInclude"
          xmlns:src="http://nwalsh.com/xmlns/litprog/fragment"
          xmlns:xsl="http://www.w3.org/1999/XSL/Transform"
          version="5.0" xml:id="show.comments">
<refmeta>
<refentrytitle>show.comments</refentrytitle>
<refmiscinfo class="other" otherclass="datatype">boolean</refmiscinfo>
</refmeta>
<refnamediv>
<refname>show.comments</refname>
<refpurpose>Display <tag>comment</tag> elements?</refpurpose>
</refnamediv>

<refsynopsisdiv>
<src:fragment xml:id="show.comments.frag"><xsl:param name="show.comments">1</xsl:param></src:fragment>
</refsynopsisdiv>

<refsection><info><title>Description</title></info>

<para>If true (non-zero), comments will be displayed, otherwise they are suppressed.
Comments here refers to the <tag>comment</tag> element,
which will be renamed <tag>remark</tag> in DocBook V4.0,
not XML comments (&lt;-- like this --&gt;) which are unavailable.
</para>

</refsection>
</refentry>
