<refentry xmlns="http://docbook.org/ns/docbook"
          xmlns:xlink="http://www.w3.org/1999/xlink"
          xmlns:xi="http://www.w3.org/2001/XInclude"
          xmlns:src="http://nwalsh.com/xmlns/litprog/fragment"
          xmlns:xsl="http://www.w3.org/1999/XSL/Transform"
          version="5.0" xml:id="suppress.header.navigation">
<refmeta>
<refentrytitle>suppress.header.navigation</refentrytitle>
<refmiscinfo class="other" otherclass="datatype">boolean</refmiscinfo>
</refmeta>
<refnamediv>
<refname>suppress.header.navigation</refname>
<refpurpose>Disable header navigation</refpurpose>
</refnamediv>

<refsynopsisdiv>
<src:fragment xml:id="suppress.header.navigation.frag"><xsl:param name="suppress.header.navigation">0</xsl:param></src:fragment>
</refsynopsisdiv>

<refsection><info><title>Description</title></info>

<para>
If <literal>suppress.header.navigation</literal> is turned on, header
navigation will be suppressed.</para>

</refsection>
</refentry>
