<refentry xmlns="http://docbook.org/ns/docbook"
          xmlns:xlink="http://www.w3.org/1999/xlink"
          xmlns:xi="http://www.w3.org/2001/XInclude"
          xmlns:src="http://nwalsh.com/xmlns/litprog/fragment"
          xmlns:xsl="http://www.w3.org/1999/XSL/Transform"
          version="5.0" xml:id="table.cell.padding">
<refmeta>
<refentrytitle>table.cell.padding</refentrytitle>
<refmiscinfo class="other" otherclass="datatype"/>
</refmeta>
<refnamediv>
<refname>table.cell.padding</refname>
<refpurpose/>
</refnamediv>

<refsynopsisdiv>
<src:fragment xml:id="table.cell.padding.frag">
<xsl:attribute-set name="table.cell.padding">
  <xsl:attribute name="padding-left">2pt</xsl:attribute>
  <xsl:attribute name="padding-right">2pt</xsl:attribute>
  <xsl:attribute name="padding-top">2pt</xsl:attribute>
  <xsl:attribute name="padding-bottom">2pt</xsl:attribute>
</xsl:attribute-set>
</src:fragment>
</refsynopsisdiv>

<refsection><info><title>Description</title></info>

<para>FIXME:</para>

</refsection>
</refentry>
