<refentry xmlns="http://docbook.org/ns/docbook"
          xmlns:xlink="http://www.w3.org/1999/xlink"
          xmlns:xi="http://www.w3.org/2001/XInclude"
          xmlns:src="http://nwalsh.com/xmlns/litprog/fragment"
          xmlns:xsl="http://www.w3.org/1999/XSL/Transform"
          version="5.0" xml:id="table.borders.with.css">
<refmeta>
<refentrytitle>table.borders.with.css</refentrytitle>
<refmiscinfo class="other" otherclass="datatype">boolean</refmiscinfo>
</refmeta>
<refnamediv>
<refname>table.borders.with.css</refname>
<refpurpose>Use CSS to specify table, row, and cell borders?</refpurpose>
</refnamediv>

<refsynopsisdiv>
<src:fragment xml:id="table.borders.with.css.frag">
<xsl:param name="table.borders.with.css" select="0"/>
</src:fragment>
</refsynopsisdiv>

<refsection><info><title>Description</title></info>

<para>If true (non-zero), CSS will be used to draw table borders.
</para>

</refsection>
</refentry>
