<refentry xmlns="http://docbook.org/ns/docbook"
          xmlns:xlink="http://www.w3.org/1999/xlink"
          xmlns:xi="http://www.w3.org/2001/XInclude"
          xmlns:src="http://nwalsh.com/xmlns/litprog/fragment"
          xmlns:xsl="http://www.w3.org/1999/XSL/Transform"
          version="5.0" xml:id="table.cell.border.thickness">
<refmeta>
<refentrytitle>table.cell.border.thickness</refentrytitle>
<refmiscinfo class="other" otherclass="datatype"/>
</refmeta>
<refnamediv>
<refname>table.cell.border.thickness</refname>
<refpurpose/>
</refnamediv>

<refsynopsisdiv>
<src:fragment xml:id="table.cell.border.thickness.frag">
<xsl:param name="table.cell.border.thickness" select="'0.5pt'"/>
</src:fragment>
</refsynopsisdiv>

<refsection><info><title>Description</title></info>

<para>FIXME:</para>

</refsection>
</refentry>
