<refentry xmlns="http://docbook.org/ns/docbook"
          xmlns:xlink="http://www.w3.org/1999/xlink"
          xmlns:xi="http://www.w3.org/2001/XInclude"
          xmlns:src="http://nwalsh.com/xmlns/litprog/fragment"
          xmlns:xsl="http://www.w3.org/1999/XSL/Transform"
          version="5.0" xml:id="table.footnote.number.symbols">
<refmeta>
<refentrytitle>table.footnote.number.symbols</refentrytitle>
<refmiscinfo class="other" otherclass="datatype"/>
</refmeta>
<refnamediv>
<refname>table.footnote.number.symbols</refname>
<refpurpose>Special characters to use a footnote markers in tables</refpurpose>
</refnamediv>

<refsynopsisdiv>
<src:fragment xml:id="table.footnote.number.symbols.frag">
<xsl:param name="table.footnote.number.symbols" select="''"/>
</src:fragment>
</refsynopsisdiv>

<refsection><info><title>Description</title></info>

<para>If <parameter>table.footnote.number.symbols</parameter> is not the empty string,
table footnotes will use the characters it contains as footnote symbols. For example,
<quote>*&amp;#x2020;&amp;#x2021;&amp;#x25CA;&amp;#x2720;</quote> will identify
footnotes with <quote>*</quote>, <quote>†</quote>, <quote>‡</quote>,
<quote>◊</quote>, and <quote>✠</quote>. If there are more footnotes
than symbols, the stylesheets will fall back to numbered footnotes using
<parameter>table.footnote.number.format</parameter>.</para>

<para>The use of symbols for footnotes depends on the ability of your
processor (or browser) to render the symbols you select. Not all systems are
capable of displaying the full range of Unicode characters. If the quoted characters
in the preceding paragraph are not displayed properly, that's a good indicator
that you may have trouble using those symbols for footnotes.</para>

</refsection>
</refentry>
