<refentry xmlns="http://docbook.org/ns/docbook"
          xmlns:xlink="http://www.w3.org/1999/xlink"
          xmlns:xi="http://www.w3.org/2001/XInclude"
          xmlns:src="http://nwalsh.com/xmlns/litprog/fragment"
          xmlns:xsl="http://www.w3.org/1999/XSL/Transform"
          version="5.0" xml:id="tex.math.delims">
<refmeta>
<refentrytitle>tex.math.delims</refentrytitle>
<refmiscinfo class="other" otherclass="datatype">boolean</refmiscinfo>
</refmeta>
<refnamediv>
<refname>tex.math.delims</refname>
<refpurpose>Should be equations outputed for processing by TeX
automatically surrounded by math mode delimiters</refpurpose>
</refnamediv>

<refsynopsisdiv>
<src:fragment xml:id="tex.math.delims.frag">
<xsl:param name="tex.math.delims" select="'1'"/>
</src:fragment>
</refsynopsisdiv>

<refsection><info><title>Description</title></info>

<para>For compatibility with DSSSL based DBTeXMath from Allin Cottrell
you should set this parameter to 0.</para>

</refsection>
</refentry>
