<refentry xmlns="http://docbook.org/ns/docbook"
          xmlns:xlink="http://www.w3.org/1999/xlink"
          xmlns:xi="http://www.w3.org/2001/XInclude"
          xmlns:src="http://nwalsh.com/xmlns/litprog/fragment"
          xmlns:xsl="http://www.w3.org/1999/XSL/Transform"
          version="5.0" xml:id="title.font.family">
<refmeta>
<refentrytitle>title.font.family</refentrytitle>
<refmiscinfo class="other" otherclass="datatype">string</refmiscinfo>
</refmeta>
<refnamediv>
<refname>title.font.family</refname>
<refpurpose>The default font family for titles</refpurpose>
</refnamediv>

<refsynopsisdiv>
<src:fragment xml:id="title.font.family.frag">
<xsl:param name="title.font.family" select="'sans-serif'"/>
</src:fragment>
</refsynopsisdiv>

<refsection><info><title>Description</title></info>

<para>The title font family is used for titles (chapter, section, figure,
etc.)
</para>

</refsection>
</refentry>
