<refentry xmlns="http://docbook.org/ns/docbook"
          xmlns:xlink="http://www.w3.org/1999/xlink"
          xmlns:xi="http://www.w3.org/2001/XInclude"
          xmlns:src="http://nwalsh.com/xmlns/litprog/fragment"
          xmlns:xsl="http://www.w3.org/1999/XSL/Transform"
          version="5.0" xml:id="xref.with.number.and.title">
<refmeta>
<refentrytitle>xref.with.number.and.title</refentrytitle>
<refmiscinfo class="other" otherclass="datatype">boolean</refmiscinfo>
</refmeta>
<refnamediv>
<refname>xref.with.number.and.title</refname>
<refpurpose>Use number and title in cross references</refpurpose>
</refnamediv>

<refsynopsisdiv>
<src:fragment xml:id="xref.with.number.and.title.frag">
<xsl:param name="xref.with.number.and.title" select="1"/>
</src:fragment>
</refsynopsisdiv>

<refsection><info><title>Description</title></info>

<para>FIXME:</para>

</refsection>
</refentry>
